ID,State,County,obesity_percent,poverty_percent,,
1,Alabama,Autauga County,34.1,12.9,,
2,Alabama,Baldwin County,27.4,13.4,,
3,Alabama,Barbour County,44.4,26.7,,
4,Alabama,Bibb County,40.3,16.8,,
5,Alabama,Blount County,34.6,16.7,,
6,Alabama,Bullock County,43,24.6,,
7,Alabama,Butler County,36.3,25.4,,
8,Alabama,Calhoun County,32.2,20.5,,
9,Alabama,Chambers County,39.7,21.6,,
10,Alabama,Cherokee County,33.6,19.2,,
11,Alabama,Chilton County,35.9,19.1,,
12,Alabama,Choctaw County,40.8,23.4,,
13,Alabama,Clarke County,38.2,24.7,,
14,Alabama,Clay County,37.3,16.7,,
15,Alabama,Cleburne County,30,17,,
16,Alabama,Coffee County,33.7,17.1,,
17,Alabama,Colbert County,37.5,17.4,,
18,Alabama,Conecuh County,36.4,33.8,,
19,Alabama,Coosa County,39.7,19.3,,
20,Alabama,Covington County,34,20.2,,
21,Alabama,Crenshaw County,39.7,16.7,,
22,Alabama,Cullman County,33.4,18.5,,
23,Alabama,Dale County,36.5,19.1,,
24,Alabama,Dallas County,40.8,35,,
25,Alabama,DeKalb County,30.4,18.7,,
26,Alabama,Elmore County,35.4,13.6,,
27,Alabama,Escambia County,37.7,24.2,,
28,Alabama,Etowah County,35.1,19.7,,
29,Alabama,Fayette County,33.7,18.3,,
30,Alabama,Franklin County,33.2,22.5,,
31,Alabama,Geneva County,34.1,23.2,,
32,Alabama,Greene County,46.3,40.2,,
33,Alabama,Hale County,40.4,26.8,,
34,Alabama,Henry County,35.8,15.6,,
35,Alabama,Houston County,32.8,18.3,,
36,Alabama,Jackson County,32,18,,
37,Alabama,Jefferson County,33.2,18.8,,
38,Alabama,Lamar County,33.6,24.1,,
39,Alabama,Lauderdale County,32.9,17.9,,
40,Alabama,Lawrence County,35.5,18.7,,
41,Alabama,Lee County,29,23.8,,
42,Alabama,Limestone County,32.9,14.3,,
43,Alabama,Lowndes County,45.1,28.5,,
44,Alabama,Macon County,44.7,25.9,,
45,Alabama,Madison County,32.3,13.7,,
46,Alabama,Marengo County,40.3,26.1,,
47,Alabama,Marion County,35.5,20.1,,
48,Alabama,Marshall County,33.2,20.2,,
49,Alabama,Mobile County,37.1,19.3,,
50,Alabama,Monroe County,35.3,31.4,,
51,Alabama,Montgomery County,34.8,22.6,,
52,Alabama,Morgan County,31.6,16.1,,
53,Alabama,Perry County,43,36.4,,
54,Alabama,Pickens County,36.4,25,,
55,Alabama,Pike County,38.4,26.1,,
56,Alabama,Randolph County,30.9,20.4,,
57,Alabama,Russell County,36.4,21,,
58,Alabama,St. Clair County,33,16,,
59,Alabama,Shelby County,30.1,8.3,,
60,Alabama,Sumter County,40.3,42.7,,
61,Alabama,Talladega County,39,23,,
62,Alabama,Tallapoosa County,36.9,22.5,,
63,Alabama,Tuscaloosa County,34.3,19.1,,
64,Alabama,Walker County,33.2,22.5,,
65,Alabama,Washington County,40.2,19.1,,
66,Alabama,Wilcox County,44.9,37.7,,
67,Alabama,Winston County,30.2,21.9,36.12835821,21.76268657
68,Alaska,Aleutians East Borough,33.4,16.8,,
69,Alaska,Aleutians West,39.4,9.1,,
70,Alaska,Anchorage Municipality,27,8.2,,
71,Alaska,Bethel Census Area,30.3,25.2,,
72,Alaska,Bristol Bay Borough,39.7,7.2,,
73,Alaska,Denali Borough,27,12.7,,
74,Alaska,Dillingham Census Area,38,18.1,,
75,Alaska,Fairbanks North Star,28.1,8.1,,
76,Alaska,Haines Borough,25.5,5.3,,
77,Alaska,Hoonah-Angoon 2009 Census,31.8,11.9,,
78,Alaska,Juneau City and Borough,28.6,6.6,,
79,Alaska,Kenai Peninsula Borough,28.4,10,,
80,Alaska,Ketchikan Gateway Borough,30.8,12.1,,
81,Alaska,Kodiak Island Borough,30.2,11.3,,
82,Alaska,Lake and Peninsula Borough,31.9,33.3,,
83,Alaska,Matanuska-Susitna Borough,30.2,16.8,,
84,Alaska,Nome Census Area,31.7,10,,
85,Alaska,North Slope Borough,36.5,27,,
86,Alaska,Northwest Arctic Borough,32.4,10.2,,
87,Alaska,Petersburg 2009 Census,30.5,23.8,,
88,Alaska,Prince of Wales-Hyder 2009 Census,35.2,10.2,,
89,Alaska,Sitka City and Borough,28.7,14.6,,
90,Alaska,Skagway Municipality 2009 Census,28.1,9,,
91,Alaska,Southeast Fairbanks Census,33.1,4.4,,
92,Alaska,Valdez-Cordova Census Area,30.4,14.5,,
93,Alaska,Wade Hampton Census Area,32.6,10.9,,
94,Alaska,Wrangell City and Borough 2009 Census,30.6,11.8,,
95,Alaska,Yakutat City and Borough,31.3,5.4,,
96,Alaska,Yukon-Koyukuk Census Area,28.3,22.4,31.36896552,13.34137931
97,Arizona,Apache County,35.2,36.6,,
98,Arizona,Cochise County,26,17.9,,
99,Arizona,Coconino County,23.2,22.7,,
100,Arizona,Gila County,27.5,22.7,,
101,Arizona,Graham County,32.5,22.6,,
102,Arizona,Greenlee County,34.7,13.7,,
103,Arizona,La Paz County,32,19.1,,
104,Arizona,Maricopa County,25.4,17,,
105,Arizona,Mohave County,29.6,19.8,,
106,Arizona,Navajo County,30.9,30.6,,
107,Arizona,Pima County,24.2,19.3,,
108,Arizona,Pinal County,31.6,17.3,,
109,Arizona,Santa Cruz County,23,23.5,,
110,Arizona,Yavapai County,25.3,16,,
111,Arizona,Yuma County,30.5,20.7,28.77333333,21.3
112,Arkansas,Arkansas County,33.8,20.1,,
113,Arkansas,Ashley County,42.1,20.7,,
114,Arkansas,Baxter County,32.3,15.9,,
115,Arkansas,Benton County,30.1,12.2,,
116,Arkansas,Boone County,33.9,17.7,,
117,Arkansas,Bradley County,39,29,,
118,Arkansas,Calhoun County,34.2,17.8,,
119,Arkansas,Carroll County,35.8,18.3,,
120,Arkansas,Chicot County,43.1,31.7,,
121,Arkansas,Clark County,34.3,23.7,,
122,Arkansas,Clay County,33.7,21.8,,
123,Arkansas,Cleburne County,31.8,14.5,,
124,Arkansas,Cleveland County,35.7,20.8,,
125,Arkansas,Columbia County,36.4,25.6,,
126,Arkansas,Conway County,39.7,22.6,,
127,Arkansas,Craighead County,36.4,20.2,,
128,Arkansas,Crawford County,35.1,18.5,,
129,Arkansas,Crittenden County,38.8,24.1,,
130,Arkansas,Cross County,37.9,20.1,,
131,Arkansas,Dallas County,36.2,15.5,,
132,Arkansas,Desha County,39.6,33,,
133,Arkansas,Drew County,34.3,28.6,,
134,Arkansas,Faulkner County,33.2,15.5,,
135,Arkansas,Franklin County,37.1,22,,
136,Arkansas,Fulton County,32.9,19.9,,
137,Arkansas,Garland County,32.3,20.9,,
138,Arkansas,Grant County,38.3,12,,
139,Arkansas,Greene County,31.2,17.8,,
140,Arkansas,Hempstead County,40.3,27,,
141,Arkansas,Hot Spring County,34.7,19.1,,
142,Arkansas,Howard County,35.7,21.8,,
143,Arkansas,Independence County,37.2,21.8,,
144,Arkansas,Izard County,33.9,21,,
145,Arkansas,Jackson County,37.2,26.8,,
146,Arkansas,Jefferson County,40.7,25.5,,
147,Arkansas,Johnson County,36.4,22.1,,
148,Arkansas,Lafayette County,36.3,24.4,,
149,Arkansas,Lawrence County,31.8,23.9,,
150,Arkansas,Lee County,35.7,27.3,,
151,Arkansas,Lincoln County,37.5,23,,
152,Arkansas,Little River County,32.7,19.3,,
153,Arkansas,Logan County,37.5,19.3,,
154,Arkansas,Lonoke County,35.8,12.4,,
155,Arkansas,Madison County,34,20.5,,
156,Arkansas,Marion County,31.7,18.8,,
157,Arkansas,Miller County,35.9,20.3,,
158,Arkansas,Mississippi County,39.8,26.8,,
159,Arkansas,Monroe County,37.5,32.8,,
160,Arkansas,Montgomery County,33.8,17.9,,
161,Arkansas,Nevada County,36,28.1,,
162,Arkansas,Newton County,34.2,20.5,,
163,Arkansas,Ouachita County,34.8,24.1,,
164,Arkansas,Perry County,37.5,16,,
165,Arkansas,Phillips County,45.5,34.1,,
166,Arkansas,Pike County,37.8,20.2,,
167,Arkansas,Poinsett County,38.4,22.8,,
168,Arkansas,Polk County,36.7,24.1,,
169,Arkansas,Pope County,32.1,20,,
170,Arkansas,Prairie County,36.3,21.4,,
171,Arkansas,Pulaski County,31.7,17.6,,
172,Arkansas,Randolph County,35.3,21.1,,
173,Arkansas,St. Francis County,42.5,24.8,,
174,Arkansas,Saline County,32.5,9.1,,
175,Arkansas,Scott County,32.5,20.1,,
176,Arkansas,Searcy County,35,23.6,,
177,Arkansas,Sebastian County,36.9,23.2,,
178,Arkansas,Sevier County,36.7,22.1,,
179,Arkansas,Sharp County,37.3,23.6,,
180,Arkansas,Stone County,32.6,24.6,,
181,Arkansas,Union County,39.4,20.4,,
182,Arkansas,Van Buren County,35.6,21.4,,
183,Arkansas,Washington County,30.6,20.1,,
184,Arkansas,White County,36.3,19,,
185,Arkansas,Woodruff County,35.8,23.5,,
186,Arkansas,Yell County,37.1,18.6,,21.552
187,California,Alameda County,20,12.5,,
188,California,Alpine County,23.4,17.5,,
189,California,Amador County,25.5,12.8,,
190,California,Butte County,25.9,21.9,,
191,California,Calaveras County,23.5,12.6,,
192,California,Colusa County,25.4,15,,
193,California,Contra Costa County,25,10.9,,
194,California,Del Norte County,25.5,21.8,,
195,California,El Dorado County,20.6,10.4,,
196,California,Fresno County,26.6,26.8,,
197,California,Glenn County,26.7,20.8,,
198,California,Humboldt County,25.5,21.4,,
199,California,Imperial County,26.3,24,,
200,California,Inyo County,23.3,11.4,,
201,California,Kern County,30.3,23.5,,
202,California,Kings County,26.4,22.6,,
203,California,Lake County,26.2,24.7,,
204,California,Lassen County,23.9,16.4,,
205,California,Los Angeles County,21.4,18.2,,
206,California,Madera County,26.5,23.5,,
207,California,Marin County,18.9,8.3,,
208,California,Mariposa County,24.4,15.1,,
209,California,Mendocino County,22.4,20.4,,
210,California,Merced County,29.5,26.1,,
211,California,Modoc County,23.2,18.8,,
212,California,Mono County,22.8,4.9,,
213,California,Monterey County,22.3,17,,
214,California,Napa County,23.7,10.3,,
215,California,Nevada County,21.1,12.7,,
216,California,Orange County,19.7,12.8,,
217,California,Placer County,21.7,8.9,,
218,California,Plumas County,23,14.5,,
219,California,Riverside County,26,16.8,,
220,California,Sacramento County,27.4,18.2,,
221,California,San Benito County,23.3,10.8,,
222,California,San Bernardino County,27.9,19.5,,
223,California,San Diego County,19.1,14.5,,
224,California,San Francisco County,16.1,13.2,,
225,California,San Joaquin County,28.3,18.6,,
226,California,San Luis Obispo County,24.5,14.8,,
227,California,San Mateo County,21.1,8,,
228,California,Santa Barbara County,18.2,16.3,,
229,California,Santa Clara County,19.5,9.5,,
230,California,Santa Cruz County,20.2,15.1,,
231,California,Shasta County,26.5,18,,
232,California,Sierra County,22.5,14.6,,
233,California,Siskiyou County,23.2,23.1,,
234,California,Solano County,30.1,13.4,,
235,California,Sonoma County,20.9,11.7,,
236,California,Stanislaus County,32.6,20.3,,
237,California,Sutter County,28.7,17.8,,
238,California,Tehama County,27.2,19.8,,
239,California,Trinity County,25.1,19.5,,
240,California,Tulare County,32.6,28.1,,
241,California,Tuolumne County,20.2,13.9,,
242,California,Ventura County,20.3,11.1,,
243,California,Yolo County,22.7,19.9,,
244,California,Yuba County,24.8,21.9,,16.67068966
245,Colorado,Adams County,26.3,13.8,,
246,Colorado,Alamosa County,23,28.9,,
247,Colorado,Arapahoe County,21.4,11.2,,
248,Colorado,Archuleta County,16.5,11.7,,
249,Colorado,Baca County,19.4,20.5,,
250,Colorado,Bent County,26.5,25.6,,
251,Colorado,Boulder County,13.4,14.1,,
252,Colorado,Broomfield County,17.6,6.5,,
253,Colorado,Chaffee County,20.5,8.7,,
254,Colorado,Cheyenne County,23.7,8.6,,
255,Colorado,Clear Creek County,18.1,8.3,,
256,Colorado,Conejos County,24.5,18.3,,
257,Colorado,Costilla County,21.9,23.7,,
258,Colorado,Crowley County,21.6,33.4,,
259,Colorado,Custer County,20.5,17.4,,
260,Colorado,Delta County,20.4,16.3,,
261,Colorado,Denver County,16.4,17.3,,
262,Colorado,Dolores County,19.8,21.5,,
263,Colorado,Douglas County,17,4,,
264,Colorado,Eagle County,11.8,9.2,,
265,Colorado,Elbert County,19.6,7,,
266,Colorado,El Paso County,22.3,11.8,,
267,Colorado,Fremont County,22.8,17.4,,
268,Colorado,Garfield County,20,12.1,,
269,Colorado,Gilpin County,19.7,7.4,,
270,Colorado,Grand County,17.4,10.8,,
271,Colorado,Gunnison County,14.8,16.9,,
272,Colorado,Hinsdale County,20.5,8,,
273,Colorado,Huerfano County,20.1,18.5,,
274,Colorado,Jackson County,21.4,11.7,,
275,Colorado,Jefferson County,18.3,8.5,,
276,Colorado,Kiowa County,19.5,13.2,,
277,Colorado,Kit Carson County,27.6,16.4,,
278,Colorado,Lake County,17.5,11.5,,
279,Colorado,La Plata County,16.3,10.6,,
280,Colorado,Larimer County,18.7,13.7,,
281,Colorado,Las Animas County,21,14.9,,
282,Colorado,Lincoln County,23.8,16.6,,
283,Colorado,Logan County,25.4,16.9,,
284,Colorado,Mesa County,23.5,15.6,,
285,Colorado,Mineral County,18.1,7.6,,
286,Colorado,Moffat County,25.8,11.4,,
287,Colorado,Montezuma County,21.7,17.9,,
288,Colorado,Montrose County,19.7,19,,
289,Colorado,Morgan County,26.9,11.6,,
290,Colorado,Otero County,26.9,24.3,,
291,Colorado,Ouray County,18.6,7.8,,
292,Colorado,Park County,20.5,7.3,,
293,Colorado,Phillips County,22.8,15.3,,
294,Colorado,Pitkin County,14.9,9.9,,
295,Colorado,Prowers County,26.1,19,,
296,Colorado,Pueblo County,25.9,19.8,,
297,Colorado,Rio Blanco County,22.6,17.4,,
298,Colorado,Rio Grande County,23.2,19.2,,
299,Colorado,Routt County,14.3,10.2,,
300,Colorado,Saguache County,19.7,23.4,,
301,Colorado,San Juan County,19.3,16.5,,
302,Colorado,San Miguel County,16.7,11.2,,
303,Colorado,Sedgwick County,22.1,14.4,,
304,Colorado,Summit County,13.1,13.7,,
305,Colorado,Teller County,20.3,7.5,,
306,Colorado,Washington County,23.2,10.4,,
307,Colorado,Weld County,26,12.9,,
308,Colorado,Yuma County,24.8,14.5,,14.5015625
309,Connecticut,Fairfield County,21.4,9,,
310,Connecticut,Hartford County,26.8,11.9,,
311,Connecticut,Litchfield County,23.9,7,,
312,Connecticut,Middlesex County,24.1,6.7,,
313,Connecticut,New Haven County,26.5,13,,
314,Connecticut,New London County,27.6,9.9,,
315,Connecticut,Tolland County,24.8,7,,
316,Connecticut,Windham County,29.6,10.7,,9.875
317,Delaware,Kent County,32.8,13.5,,
318,Delaware,New Castle County,27.7,11.4,,
319,Delaware,Sussex County,31,12.6,,11.86666667
320,District of Columbia,District of Columbia,22.4,18,,18
321,Florida,Alachua County,25.6,24.3,,
322,Florida,Baker County,35.8,18.1,,
323,Florida,Bay County,29.9,15.2,,
324,Florida,Bradford County,35.9,20.6,,
325,Florida,Brevard County,25.6,14,,
326,Florida,Broward County,24.4,14.5,,
327,Florida,Calhoun County,39.4,19.3,,
328,Florida,Charlotte County,25.7,12.2,,
329,Florida,Citrus County,26.3,17.4,,
330,Florida,Clay County,29.7,10.5,,
331,Florida,Collier County,19.5,14.1,,
332,Florida,Columbia County,36.3,19.9,,
333,Florida,DeSoto County,36,30.6,,
334,Florida,Dixie County,30.6,21.1,,
335,Florida,Duval County,30.6,17.3,,
336,Florida,Escambia County,28.9,15.8,,
337,Florida,Flagler County,24.2,14.8,,
338,Florida,Franklin County,32.2,20.3,,
339,Florida,Gadsden County,36.5,27.1,,
340,Florida,Gilchrist County,31.5,22.8,,
341,Florida,Glades County,33.1,20.2,,
342,Florida,Gulf County,30.9,14.3,,
343,Florida,Hamilton County,33.2,29.3,,
344,Florida,Hardee County,33.9,27.4,,
345,Florida,Hendry County,35.2,26.4,,
346,Florida,Hernando County,32.1,15.9,,
347,Florida,Highlands County,31,19.4,,
348,Florida,Hillsborough County,28.3,17,,
349,Florida,Holmes County,31.6,27.8,,
350,Florida,Indian River County,24.5,14.4,,
351,Florida,Jackson County,34.7,22.1,,
352,Florida,Jefferson County,32.2,15.9,,
353,Florida,Lafayette County,35.3,20.3,,
354,Florida,Lake County,29.3,13.9,,
355,Florida,Lee County,24.6,16.1,,
356,Florida,Leon County,26.4,22.3,,
357,Florida,Levy County,32.2,22,,
358,Florida,Liberty County,39.6,18.4,,
359,Florida,Madison County,34.1,25.7,,
360,Florida,Manatee County,25.3,15.2,,
361,Florida,Marion County,29.2,18.4,,
362,Florida,Martin County,21.3,12.1,,
363,Florida,Miami-Dade County,21,20.4,,
364,Florida,Monroe County,22,13.4,,
365,Florida,Nassau County,28.6,12.9,,
366,Florida,Okaloosa County,26.4,13.2,,
367,Florida,Okeechobee County,31,27.7,,
368,Florida,Orange County,24.9,17.8,,
369,Florida,Osceola County,29.1,19.5,,
370,Florida,Palm Beach County,21.5,14.5,,
371,Florida,Pasco County,31.1,14,,
372,Florida,Pinellas County,25.5,14.4,,
373,Florida,Polk County,32.3,18.3,,
374,Florida,Putnam County,36.1,28.7,,
375,Florida,St. Johns County,21.9,9.5,,
376,Florida,St. Lucie County,27.9,18.3,,
377,Florida,Santa Rosa County,26.1,12.3,,
378,Florida,Sarasota County,20.6,11,,
379,Florida,Seminole County,24.6,12.1,,
380,Florida,Sumter County,26.9,10.9,,
381,Florida,Suwannee County,33.3,23.9,,
382,Florida,Taylor County,38.9,14.7,,
383,Florida,Union County,37.1,20,,
384,Florida,Volusia County,26,17.4,,
385,Florida,Wakulla County,36.4,14.9,,
386,Florida,Walton County,27.5,17.1,,
387,Florida,Washington County,38.5,21.5,,18.24705882
388,Georgia,Appling County,34.8,20.9,,
389,Georgia,Atkinson County,35.3,28.7,,
390,Georgia,Bacon County,32.7,17.9,,
391,Georgia,Baker County,30,22.9,,
392,Georgia,Baldwin County,36.8,31.4,,
393,Georgia,Banks County,27,16.6,,
394,Georgia,Barrow County,34.6,15.2,,
395,Georgia,Bartow County,35.2,15.8,,
396,Georgia,Ben Hill County,35.3,35.3,,
397,Georgia,Berrien County,34.7,26.2,,
398,Georgia,Bibb County,31.3,27.4,,
399,Georgia,Bleckley County,30.4,23.5,,
400,Georgia,Brantley County,33.1,21,,
401,Georgia,Brooks County,33.5,27.6,,
402,Georgia,Bryan County,29.3,13.6,,
403,Georgia,Bulloch County,33.5,32.9,,
404,Georgia,Burke County,32,31.4,,
405,Georgia,Butts County,28.7,20.8,,
406,Georgia,Calhoun County,34.4,41.6,,
407,Georgia,Camden County,31.5,12.8,,
408,Georgia,Candler County,30.3,31.8,,
409,Georgia,Carroll County,31.7,20.7,,
410,Georgia,Catoosa County,27.8,12.5,,
411,Georgia,Charlton County,32,17.2,,
412,Georgia,Chatham County,31.3,19.1,,
413,Georgia,Chattahoochee County,27.3,11.5,,
414,Georgia,Chattooga County,34,23.7,,
415,Georgia,Cherokee County,26.9,10.8,,
416,Georgia,Clarke County,25.3,36.6,,
417,Georgia,Clay County,29.8,42.2,,
418,Georgia,Clayton County,38,25.1,,
419,Georgia,Clinch County,29.6,35,,
420,Georgia,Cobb County,22.9,12.4,,
421,Georgia,Coffee County,34.8,25.5,,
422,Georgia,Colquitt County,35.2,26.8,,
423,Georgia,Columbia County,30.3,9.2,,
424,Georgia,Cook County,31.4,25.1,,
425,Georgia,Coweta County,26.8,13.2,,
426,Georgia,Crawford County,27.3,17.2,,
427,Georgia,Crisp County,31.1,32.8,,
428,Georgia,Dade County,32.3,15.2,,
429,Georgia,Dawson County,27.7,14.2,,
430,Georgia,Decatur County,30,28.4,,
431,Georgia,DeKalb County,27.3,19.3,,
432,Georgia,Dodge County,28.5,22.5,,
433,Georgia,Dooly County,34.7,29.2,,
434,Georgia,Dougherty County,34.4,30.7,,
435,Georgia,Douglas County,32.3,16.4,,
436,Georgia,Early County,31.5,28,,
437,Georgia,Echols County,28.3,29,,
438,Georgia,Effingham County,35.2,10.6,,
439,Georgia,Elbert County,31.1,19,,
440,Georgia,Emanuel County,36.3,30.6,,
441,Georgia,Evans County,33.5,27.7,,
442,Georgia,Fannin County,25.9,23.1,,
443,Georgia,Fayette County,31.1,8.5,,
444,Georgia,Floyd County,31,21.3,,
445,Georgia,Forsyth County,29.4,6.9,,
446,Georgia,Franklin County,29.5,23.9,,
447,Georgia,Fulton County,23.9,17.6,,
448,Georgia,Gilmer County,29.7,23.5,,
449,Georgia,Glascock County,28.6,16.2,,
450,Georgia,Glynn County,26.2,18.7,,
451,Georgia,Gordon County,29.3,20.4,,
452,Georgia,Grady County,33,30.7,,
453,Georgia,Greene County,29.7,24.9,,
454,Georgia,Gwinnett County,29.5,13.8,,
455,Georgia,Habersham County,31.7,17.8,,
456,Georgia,Hall County,25.7,18.4,,
457,Georgia,Hancock County,31.2,30.3,,
458,Georgia,Haralson County,27.3,20.3,,
459,Georgia,Harris County,28.4,9.3,,
460,Georgia,Hart County,29.9,21.9,,
461,Georgia,Heard County,30.2,20.5,,
462,Georgia,Henry County,33.1,12.9,,
463,Georgia,Houston County,31,17.2,,
464,Georgia,Irwin County,29.2,26,,
465,Georgia,Jackson County,27.4,13.7,,
466,Georgia,Jasper County,29.3,20.7,,
467,Georgia,Jeff Davis County,30,22.3,,
468,Georgia,Jefferson County,35.3,30.8,,
469,Georgia,Jenkins County,29.9,33.8,,
470,Georgia,Johnson County,34,23.1,,
471,Georgia,Jones County,33.5,16.8,,
472,Georgia,Lamar County,30.6,22.1,,
473,Georgia,Lanier County,33.2,26.6,,
474,Georgia,Laurens County,36.2,27.5,,
475,Georgia,Lee County,31.2,12.3,,
476,Georgia,Liberty County,34.9,17.7,,
477,Georgia,Lincoln County,29,25,,
478,Georgia,Long County,31.4,17.9,,
479,Georgia,Lowndes County,31.3,26.5,,
480,Georgia,Lumpkin County,30.7,18.8,,
481,Georgia,McDuffie County,33.4,25.4,,
482,Georgia,McIntosh County,30.9,21.3,,
483,Georgia,Macon County,36.4,29.6,,
484,Georgia,Madison County,31.9,17.1,,
485,Georgia,Marion County,32.9,21.3,,
486,Georgia,Meriwether County,34.6,22.7,,
487,Georgia,Miller County,30.3,27.9,,
488,Georgia,Mitchell County,33.6,28.7,,
489,Georgia,Monroe County,31.9,13.6,,
490,Georgia,Montgomery County,36.2,25.3,,
491,Georgia,Morgan County,26.5,14.3,,
492,Georgia,Murray County,32.5,20,,
493,Georgia,Muscogee County,28.8,20.5,,
494,Georgia,Newton County,32.9,17.1,,
495,Georgia,Oconee County,28.8,7.3,,
496,Georgia,Oglethorpe County,30.1,15.9,,
497,Georgia,Paulding County,28.6,12.6,,
498,Georgia,Peach County,34.4,21.9,,
499,Georgia,Pickens County,26.7,11.6,,
500,Georgia,Pierce County,28.5,23.7,,
501,Georgia,Pike County,26.2,12.2,,
502,Georgia,Polk County,34.5,21.5,,
503,Georgia,Pulaski County,31.7,19.2,,
504,Georgia,Putnam County,30,16.4,,
505,Georgia,Quitman County,34,24,,
506,Georgia,Rabun County,29.4,21.6,,
507,Georgia,Randolph County,33.7,30.2,,
508,Georgia,Richmond County,34.1,25.2,,
509,Georgia,Rockdale County,36,16.5,,
510,Georgia,Schley County,30.4,23.4,,
511,Georgia,Screven County,33,25.2,,
512,Georgia,Seminole County,30.7,18.4,,
513,Georgia,Spalding County,32.4,22.7,,
514,Georgia,Stephens County,30.1,18.9,,
515,Georgia,Stewart County,34.2,38.4,,
516,Georgia,Sumter County,32.7,33.2,,
517,Georgia,Talbot County,33.3,20,,
518,Georgia,Taliaferro County,31.4,30,,
519,Georgia,Tattnall County,33.1,29.2,,
520,Georgia,Taylor County,28.8,28.7,,
521,Georgia,Telfair County,30.9,28.5,,
522,Georgia,Terrell County,31.6,36.2,,
523,Georgia,Thomas County,34,23.6,,
524,Georgia,Tift County,34,29.2,,
525,Georgia,Toombs County,31.5,24.8,,
526,Georgia,Towns County,27.4,18.6,,
527,Georgia,Treutlen County,32.9,19.6,,
528,Georgia,Troup County,30,21.4,,
529,Georgia,Turner County,34.6,25.4,,
530,Georgia,Twiggs County,32.8,27.7,,
531,Georgia,Union County,27.2,13.5,,
532,Georgia,Upson County,32,23.7,,
533,Georgia,Walker County,32.1,17.8,,
534,Georgia,Walton County,34.4,13.9,,
535,Georgia,Ware County,35.5,29.2,,
536,Georgia,Warren County,32,27.1,,
537,Georgia,Washington County,32.2,25.9,,
538,Georgia,Wayne County,31.8,20.3,,
539,Georgia,Webster County,32.1,22.5,,
540,Georgia,Wheeler County,31.9,27.2,,
541,Georgia,White County,28.6,19,,
542,Georgia,Whitfield County,33.5,18.8,,
543,Georgia,Wilcox County,31.5,23.1,,
544,Georgia,Wilkes County,32.9,28.5,,
545,Georgia,Wilkinson County,34.5,17.7,,
546,Georgia,Worth County,36.7,21.2,,22.19811321
547,Hawaii,Hawaii County,22.7,19.5,,
548,Hawaii,Honolulu County,22.3,9.7,,
549,Hawaii,Kalawao County,21.5,15.2,,
550,Hawaii,Kauai County,20.6,10.7,,
551,Hawaii,Maui County,22.4,11,,13.22
552,Idaho,Ada County,25.4,12.3,,
553,Idaho,Adams County,27.6,12.9,,
554,Idaho,Bannock County,28.1,18.8,,
555,Idaho,Bear Lake County,28.7,12.9,,
556,Idaho,Benewah County,30.1,16.6,,
557,Idaho,Bingham County,33.3,13.5,,
558,Idaho,Blaine County,19.2,10.4,,
559,Idaho,Boise County,22.4,14.5,,
560,Idaho,Bonner County,24.7,15.3,,
561,Idaho,Bonneville County,29.4,13.2,,
562,Idaho,Boundary County,27.3,15.3,,
563,Idaho,Butte County,28.5,17.6,,
564,Idaho,Camas County,25.7,21.8,,
565,Idaho,Canyon County,33.4,19.4,,
566,Idaho,Caribou County,27.5,8.3,,
567,Idaho,Cassia County,30.5,16,,
568,Idaho,Clark County,31.4,18.1,,
569,Idaho,Clearwater County,30.6,13.1,,
570,Idaho,Custer County,26.3,19.2,,
571,Idaho,Elmore County,29.8,16.1,,
572,Idaho,Franklin County,30.7,13.2,,
573,Idaho,Fremont County,28.9,10.3,,
574,Idaho,Gem County,28.5,18,,
575,Idaho,Gooding County,30,19.4,,
576,Idaho,Idaho County,25.7,16,,
577,Idaho,Jefferson County,32.7,13.1,,
578,Idaho,Jerome County,33.3,16.4,,
579,Idaho,Kootenai County,25,13,,
580,Idaho,Latah County,24.3,21.6,,
581,Idaho,Lemhi County,26.8,18.7,,
582,Idaho,Lewis County,29.7,17.4,,
583,Idaho,Lincoln County,32.3,13.6,,
584,Idaho,Madison County,24.5,35.7,,
585,Idaho,Minidoka County,34.2,17.4,,
586,Idaho,Nez Perce County,30.9,11.9,,
587,Idaho,Oneida County,31.3,14.6,,
588,Idaho,Owyhee County,30.4,27.6,,
589,Idaho,Payette County,33.3,18.7,,
590,Idaho,Power County,32.1,13.5,,
591,Idaho,Shoshone County,31.1,17.2,,
592,Idaho,Teton County,24.1,10.8,,
593,Idaho,Twin Falls County,27.6,15.8,,
594,Idaho,Valley County,24.1,15,,
595,Idaho,Washington County,30.3,18.3,,16.19318182
596,Illinois,Adams County,37,14.4,,
597,Illinois,Alexander County,28.4,34.2,,
598,Illinois,Bond County,29.6,16.5,,
599,Illinois,Boone County,33.7,10.9,,
600,Illinois,Brown County,27.6,10.9,,
601,Illinois,Bureau County,29.1,12.5,,
602,Illinois,Calhoun County,29.1,12.6,,
603,Illinois,Carroll County,28.6,12.6,,
604,Illinois,Cass County,28,12.9,,
605,Illinois,Champaign County,25.1,22.8,,
606,Illinois,Christian County,31.7,14.6,,
607,Illinois,Clark County,32.7,14.9,,
608,Illinois,Clay County,31,13.8,,
609,Illinois,Clinton County,29.5,8.9,,
610,Illinois,Coles County,26.3,22.3,,
611,Illinois,Cook County,25.3,17.1,,
612,Illinois,Crawford County,31.3,12.7,,
613,Illinois,Cumberland County,27.8,15.8,,
614,Illinois,DeKalb County,28.3,18.7,,
615,Illinois,De Witt County,30.5,12.9,,
616,Illinois,Douglas County,30.5,10.3,,
617,Illinois,DuPage County,23,7.4,,
618,Illinois,Edgar County,30.3,17,,
619,Illinois,Edwards County,31.3,12.9,,
620,Illinois,Effingham County,31.8,10.6,,
621,Illinois,Fayette County,33,18,,
622,Illinois,Ford County,28.2,13.4,,
623,Illinois,Franklin County,30.2,18.5,,
624,Illinois,Fulton County,30.7,14.2,,
625,Illinois,Gallatin County,28.4,15.6,,
626,Illinois,Greene County,28.7,17.1,,
627,Illinois,Grundy County,30.4,9.1,,
628,Illinois,Hamilton County,28.2,14.8,,
629,Illinois,Hancock County,28.6,11.7,,
630,Illinois,Hardin County,30.6,20.7,,
631,Illinois,Henderson County,30.4,9.9,,
632,Illinois,Henry County,30.5,10.7,,
633,Illinois,Iroquois County,33.9,16.6,,
634,Illinois,Jackson County,31.5,30.5,,
635,Illinois,Jasper County,30.2,9.2,,
636,Illinois,Jefferson County,30.2,17,,
637,Illinois,Jersey County,33,7.3,,
638,Illinois,Jo Daviess County,29.5,9.2,,
639,Illinois,Johnson County,29.4,14.6,,
640,Illinois,Kane County,25.3,11.4,,
641,Illinois,Kankakee County,30.1,16.1,,
642,Illinois,Kendall County,33.7,5.5,,
643,Illinois,Knox County,26.2,18.8,,
644,Illinois,Lake County,28.4,9.6,,
645,Illinois,LaSalle County,27.1,13.2,,
646,Illinois,Lawrence County,28.9,13.5,,
647,Illinois,Lee County,32.6,11.1,,
648,Illinois,Livingston County,29.2,11.6,,
649,Illinois,Logan County,29.2,14.2,,
650,Illinois,McDonough County,26.8,23,,
651,Illinois,McHenry County,27.7,7.9,,
652,Illinois,McLean County,29.3,14.4,,
653,Illinois,Macon County,29.7,18.4,,
654,Illinois,Macoupin County,31,12.5,,
655,Illinois,Madison County,32.3,13.3,,
656,Illinois,Marion County,33.5,18.6,,
657,Illinois,Marshall County,29.1,10.1,,
658,Illinois,Mason County,31.7,15.1,,
659,Illinois,Massac County,30.7,18.3,,
660,Illinois,Menard County,28.3,11.3,,
661,Illinois,Mercer County,31.2,9.4,,
662,Illinois,Monroe County,33.2,5,,
663,Illinois,Montgomery County,31.3,14.8,,
664,Illinois,Morgan County,28.8,14.3,,
665,Illinois,Moultrie County,28.6,13.3,,
666,Illinois,Ogle County,31.2,10.6,,
667,Illinois,Peoria County,28.8,17.2,,
668,Illinois,Perry County,29.1,17.2,,
669,Illinois,Piatt County,29,6.2,,
670,Illinois,Pike County,32.6,13.7,,
671,Illinois,Pope County,29.5,15,,
672,Illinois,Pulaski County,27.3,20.2,,
673,Illinois,Putnam County,29.9,12,,
674,Illinois,Randolph County,27.7,12.9,,
675,Illinois,Richland County,28.8,15.1,,
676,Illinois,Rock Island County,31.7,14.9,,
677,Illinois,St. Clair County,33.2,18.2,,
678,Illinois,Saline County,30.1,23,,
679,Illinois,Sangamon County,28.5,15.6,,
680,Illinois,Schuyler County,31.7,19.3,,
681,Illinois,Scott County,30.4,14.2,,
682,Illinois,Shelby County,30.6,11.2,,
683,Illinois,Stark County,30.2,11.9,,
684,Illinois,Stephenson County,32.9,15,,
685,Illinois,Tazewell County,30.6,8.7,,
686,Illinois,Union County,28.2,17.2,,
687,Illinois,Vermilion County,35.4,18.8,,
688,Illinois,Wabash County,32.2,12.5,,
689,Illinois,Warren County,30.5,15,,
690,Illinois,Washington County,28.6,12.9,,
691,Illinois,Wayne County,29.2,14.5,,
692,Illinois,White County,28.7,13.6,,
693,Illinois,Whiteside County,28.7,12,,
694,Illinois,Will County,28,7.9,,
695,Illinois,Williamson County,31.6,15,,
696,Illinois,Winnebago County,33.9,16.8,,
697,Illinois,Woodford County,30.8,8.2,,14.21078431
698,Indiana,Adams County,32.8,16.3,,
699,Indiana,Allen County,30.1,15.8,,
700,Indiana,Bartholomew County,29.5,12.8,,
701,Indiana,Benton County,32.6,13.7,,
702,Indiana,Blackford County,36,14,,
703,Indiana,Boone County,27.8,5.8,,
704,Indiana,Brown County,30.6,12.6,,
705,Indiana,Carroll County,26.9,10.8,,
706,Indiana,Cass County,33.7,15.6,,
707,Indiana,Clark County,33.3,10.8,,
708,Indiana,Clay County,33.1,14.5,,
709,Indiana,Clinton County,30.9,14.1,,
710,Indiana,Crawford County,33,20.7,,
711,Indiana,Daviess County,37.6,13.2,,
712,Indiana,Dearborn County,32.5,9.3,,
713,Indiana,Decatur County,32.7,14.2,,
714,Indiana,DeKalb County,32.8,14.6,,
715,Indiana,Delaware County,31.5,22,,
716,Indiana,Dubois County,29.5,9.8,,
717,Indiana,Elkhart County,32.8,16.1,,
718,Indiana,Fayette County,33,20.6,,
719,Indiana,Floyd County,30.1,12.8,,
720,Indiana,Fountain County,29.8,12,,
721,Indiana,Franklin County,26.2,10.6,,
722,Indiana,Fulton County,37.8,14.9,,
723,Indiana,Gibson County,32.1,11.2,,
724,Indiana,Grant County,37.3,18.7,,
725,Indiana,Greene County,33.1,13.6,,
726,Indiana,Hamilton County,25.9,4.7,,
727,Indiana,Hancock County,34.8,6.5,,
728,Indiana,Harrison County,36,13.9,,
729,Indiana,Hendricks County,31.8,5,,
730,Indiana,Henry County,36.7,16.3,,
731,Indiana,Howard County,31.4,17.8,,
732,Indiana,Huntington County,32.6,12,,
733,Indiana,Jackson County,36.9,14.8,,
734,Indiana,Jasper County,29.6,8.4,,
735,Indiana,Jay County,34,16.3,,
736,Indiana,Jefferson County,35,14.5,,
737,Indiana,Jennings County,33,15.9,,
738,Indiana,Johnson County,30.2,9.9,,
739,Indiana,Knox County,32.3,15.9,,
740,Indiana,Kosciusko County,33.2,11.4,,
741,Indiana,LaGrange County,34.2,13,,
742,Indiana,Lake County,33.9,17.9,,
743,Indiana,LaPorte County,35,17.4,,
744,Indiana,Lawrence County,38.2,13,,
745,Indiana,Madison County,33.4,17.1,,
746,Indiana,Marion County,32.4,21.1,,
747,Indiana,Marshall County,30.8,12.1,,
748,Indiana,Martin County,35.8,13,,
749,Indiana,Miami County,35.7,15.2,,
750,Indiana,Monroe County,22.1,24.8,,
751,Indiana,Montgomery County,32.7,14.2,,
752,Indiana,Morgan County,33.2,12.1,,
753,Indiana,Newton County,35.3,13.7,,
754,Indiana,Noble County,31.8,12.2,,
755,Indiana,Ohio County,30.4,7.9,,
756,Indiana,Orange County,35.4,17.6,,
757,Indiana,Owen County,34,15.1,,
758,Indiana,Parke County,33.6,16,,
759,Indiana,Perry County,32.8,13,,
760,Indiana,Pike County,36.4,10,,
761,Indiana,Porter County,31.9,11.6,,
762,Indiana,Posey County,29.1,11.1,,
763,Indiana,Pulaski County,31.5,14.2,,
764,Indiana,Putnam County,31.5,10.2,,
765,Indiana,Randolph County,35.6,18,,
766,Indiana,Ripley County,32.7,8.6,,
767,Indiana,Rush County,32.6,17.6,,
768,Indiana,St. Joseph County,30,17.8,,
769,Indiana,Scott County,29.5,17.8,,
770,Indiana,Shelby County,33.1,12.2,,
771,Indiana,Spencer County,30.5,10.8,,
772,Indiana,Starke County,36.1,16,,
773,Indiana,Steuben County,33.7,10.8,,
774,Indiana,Sullivan County,32.9,18.7,,
775,Indiana,Switzerland County,32,19.6,,
776,Indiana,Tippecanoe County,26.4,22.2,,
777,Indiana,Tipton County,31.1,10,,
778,Indiana,Union County,30,10.4,,
779,Indiana,Vanderburgh County,33.3,16.6,,
780,Indiana,Vermillion County,33.1,12.9,,
781,Indiana,Vigo County,32.8,20.5,,
782,Indiana,Wabash County,31.6,14.4,,
783,Indiana,Warren County,32.1,9.1,,
784,Indiana,Warrick County,29.4,9.9,,
785,Indiana,Washington County,30.6,15.2,,
786,Indiana,Wayne County,29.6,21.1,,
787,Indiana,Wells County,28.4,12.2,,
788,Indiana,White County,34.7,9.6,,
789,Indiana,Whitley County,32,8,,13.89021739
790,Iowa,Adair County,32.4,10.6,,
791,Iowa,Adams County,30.8,10.2,,
792,Iowa,Allamakee County,33.6,10.9,,
793,Iowa,Appanoose County,35.4,13.7,,
794,Iowa,Audubon County,31.2,9.7,,
795,Iowa,Benton County,34.4,9.6,,
796,Iowa,Black Hawk County,29.9,15.7,,
797,Iowa,Boone County,32.4,10.1,,
798,Iowa,Bremer County,32.4,8.3,,
799,Iowa,Buchanan County,35.2,9.5,,
800,Iowa,Buena Vista County,33,12.6,,
801,Iowa,Butler County,33.8,9,,
802,Iowa,Calhoun County,32.4,14.8,,
803,Iowa,Carroll County,30.7,10.1,,
804,Iowa,Cass County,35.2,13.9,,
805,Iowa,Cedar County,32.4,7.7,,
806,Iowa,Cerro Gordo County,33.2,13.4,,
807,Iowa,Cherokee County,37.5,11.2,,
808,Iowa,Chickasaw County,32.7,8.8,,
809,Iowa,Clarke County,30.5,16.4,,
810,Iowa,Clay County,33.8,11.5,,
811,Iowa,Clayton County,32.1,11.1,,
812,Iowa,Clinton County,33.4,13.9,,
813,Iowa,Crawford County,34.2,19.8,,
814,Iowa,Dallas County,29.8,6.5,,
815,Iowa,Davis County,32.7,19.3,,
816,Iowa,Decatur County,33.1,20.6,,
817,Iowa,Delaware County,33.9,10,,
818,Iowa,Des Moines County,31.3,15.2,,
819,Iowa,Dickinson County,33.4,6.6,,
820,Iowa,Dubuque County,28.5,12.2,,
821,Iowa,Emmet County,33.2,13.6,,
822,Iowa,Fayette County,37.7,12.9,,
823,Iowa,Floyd County,31,12.4,,
824,Iowa,Franklin County,32.6,13.3,,
825,Iowa,Fremont County,32.9,11,,
826,Iowa,Greene County,29.6,12.6,,
827,Iowa,Grundy County,31.7,6.2,,
828,Iowa,Guthrie County,35.9,11.4,,
829,Iowa,Hamilton County,30.6,11.4,,
830,Iowa,Hancock County,35.4,8.5,,
831,Iowa,Hardin County,34.8,8.8,,
832,Iowa,Harrison County,32.3,9.9,,
833,Iowa,Henry County,34.6,14.5,,
834,Iowa,Howard County,31.1,11.7,,
835,Iowa,Humboldt County,31.8,12.2,,
836,Iowa,Ida County,28.2,11.7,,
837,Iowa,Iowa County,30.7,8.7,,
838,Iowa,Jackson County,33.1,12.1,,
839,Iowa,Jasper County,32.2,9.6,,
840,Iowa,Jefferson County,27.5,15,,
841,Iowa,Johnson County,23,17.9,,
842,Iowa,Jones County,37.6,10.2,,
843,Iowa,Keokuk County,29.9,13.5,,
844,Iowa,Kossuth County,32.7,9,,
845,Iowa,Lee County,31.9,16.8,,
846,Iowa,Linn County,31,9.8,,
847,Iowa,Louisa County,37.4,12.2,,
848,Iowa,Lucas County,33.8,13.1,,
849,Iowa,Lyon County,31.9,7.3,,
850,Iowa,Madison County,34.2,7.6,,
851,Iowa,Mahaska County,31.9,14.7,,
852,Iowa,Marion County,33.1,9.9,,
853,Iowa,Marshall County,34.7,11.1,,
854,Iowa,Mills County,34.7,8.9,,
855,Iowa,Mitchell County,30.3,9.6,,
856,Iowa,Monona County,32.8,13.9,,
857,Iowa,Monroe County,32.4,12.1,,
858,Iowa,Montgomery County,37.6,16.8,,
859,Iowa,Muscatine County,34.2,12.4,,
860,Iowa,O'Brien County,31.6,7.3,,
861,Iowa,Osceola County,34.4,8.5,,
862,Iowa,Page County,35.3,15.3,,
863,Iowa,Palo Alto County,35.7,10.7,,
864,Iowa,Plymouth County,32.2,7.8,,
865,Iowa,Pocahontas County,31.9,14.2,,
866,Iowa,Polk County,29.2,12.9,,
867,Iowa,Pottawattamie County,36,13,,
868,Iowa,Poweshiek County,32.1,10.4,,
869,Iowa,Ringgold County,34.9,10.6,,
870,Iowa,Sac County,33,8.2,,
871,Iowa,Scott County,31.8,12.1,,
872,Iowa,Shelby County,29.4,11.2,,
873,Iowa,Sioux County,29,8.3,,
874,Iowa,Story County,27.1,22.7,,
875,Iowa,Tama County,31.3,11.3,,
876,Iowa,Taylor County,30.9,14.1,,
877,Iowa,Union County,37.8,13.6,,
878,Iowa,Van Buren County,35.7,14.9,,
879,Iowa,Wapello County,35.6,18.6,,
880,Iowa,Warren County,31.1,6.8,,
881,Iowa,Washington County,31.5,9.3,,
882,Iowa,Wayne County,33.3,13.3,,
883,Iowa,Webster County,31.1,15.2,,
884,Iowa,Winnebago County,28.6,9.9,,
885,Iowa,Winneshiek County,25.4,8.1,,
886,Iowa,Woodbury County,34.3,14.6,,
887,Iowa,Worth County,33.7,12,,
888,Iowa,Wright County,34.4,11.1,,11.85050505
889,Kansas,Allen County,34.2,18,,
890,Kansas,Anderson County,33.3,17.5,,
891,Kansas,Atchison County,33.1,19.2,,
892,Kansas,Barber County,36.7,10.9,,
893,Kansas,Barton County,35.4,15.9,,
894,Kansas,Bourbon County,33.9,19.2,,
895,Kansas,Brown County,29.6,16.4,,
896,Kansas,Butler County,31.9,10.4,,
897,Kansas,Chase County,28.3,13.8,,
898,Kansas,Chautauqua County,34.1,16.8,,
899,Kansas,Cherokee County,37,17,,
900,Kansas,Cheyenne County,33.5,8.1,,
901,Kansas,Clark County,31.2,14.9,,
902,Kansas,Clay County,36.2,11.4,,
903,Kansas,Cloud County,29.9,13.5,,
904,Kansas,Coffey County,30.5,10,,
905,Kansas,Comanche County,33.6,7.2,,
906,Kansas,Cowley County,36,17.6,,
907,Kansas,Crawford County,33,22,,
908,Kansas,Decatur County,36.1,11.2,,
909,Kansas,Dickinson County,31.9,10.5,,
910,Kansas,Doniphan County,32.1,12.4,,
911,Kansas,Douglas County,24.2,19,,
912,Kansas,Edwards County,32.9,11.7,,
913,Kansas,Elk County,32.5,18.3,,
914,Kansas,Ellis County,31.6,15.6,,
915,Kansas,Ellsworth County,33.3,9,,
916,Kansas,Finney County,35.2,17,,
917,Kansas,Ford County,30.6,18.2,,
918,Kansas,Franklin County,33.8,13.1,,
919,Kansas,Geary County,32.7,12.4,,
920,Kansas,Gove County,30.2,8.2,,
921,Kansas,Graham County,28.9,11.2,,
922,Kansas,Grant County,35.6,10.3,,
923,Kansas,Gray County,36,10,,
924,Kansas,Greeley County,32.6,8.1,,
925,Kansas,Greenwood County,32.7,15.1,,
926,Kansas,Hamilton County,37.1,14.3,,
927,Kansas,Harper County,34.2,16.4,,
928,Kansas,Harvey County,31,13.2,,
929,Kansas,Haskell County,33.9,13.8,,
930,Kansas,Hodgeman County,32,4.6,,
931,Kansas,Jackson County,33.4,9.1,,
932,Kansas,Jefferson County,29.9,7.5,,
933,Kansas,Jewell County,29.6,15.5,,
934,Kansas,Johnson County,24.8,6.2,,
935,Kansas,Kearny County,28.7,10.7,,
936,Kansas,Kingman County,32.2,10.7,,
937,Kansas,Kiowa County,32.8,15.5,,
938,Kansas,Labette County,34,17.8,,
939,Kansas,Lane County,30.8,9,,
940,Kansas,Leavenworth County,32.8,11.4,,
941,Kansas,Lincoln County,31.2,11,,
942,Kansas,Linn County,31.6,13.2,,
943,Kansas,Logan County,31.1,8.4,,
944,Kansas,Lyon County,34.7,21.5,,
945,Kansas,McPherson County,29.2,7.2,,
946,Kansas,Marion County,30.9,11.4,,
947,Kansas,Marshall County,32.6,11.1,,
948,Kansas,Meade County,27,11.3,,
949,Kansas,Miami County,34.1,9.2,,
950,Kansas,Mitchell County,32.1,10.4,,
951,Kansas,Montgomery County,35.1,19,,
952,Kansas,Morris County,35.1,8.9,,
953,Kansas,Morton County,31.9,10.8,,
954,Kansas,Nemaha County,30.4,11.4,,
955,Kansas,Neosho County,33.5,18.6,,
956,Kansas,Ness County,31.1,11.7,,
957,Kansas,Norton County,32.4,8.5,,
958,Kansas,Osage County,37.1,12.6,,
959,Kansas,Osborne County,33.2,15.4,,
960,Kansas,Ottawa County,37.9,7.9,,
961,Kansas,Pawnee County,30.3,7.8,,
962,Kansas,Phillips County,28.8,9.2,,
963,Kansas,Pottawatomie County,31.3,8.9,,
964,Kansas,Pratt County,33.8,12.3,,
965,Kansas,Rawlins County,32.3,10,,
966,Kansas,Reno County,35.7,12.2,,
967,Kansas,Republic County,30.9,12.8,,
968,Kansas,Rice County,32.6,14.7,,
969,Kansas,Riley County,23.8,22.5,,
970,Kansas,Rooks County,32.8,14.4,,
971,Kansas,Rush County,32.6,9.4,,
972,Kansas,Russell County,30.4,12.9,,
973,Kansas,Saline County,35.1,16.1,,
974,Kansas,Scott County,32.1,6.6,,
975,Kansas,Sedgwick County,31.4,15.1,,
976,Kansas,Seward County,38.6,19.1,,
977,Kansas,Shawnee County,32.9,15.2,,
978,Kansas,Sheridan County,31.5,6.6,,
979,Kansas,Sherman County,29.9,19,,
980,Kansas,Smith County,34.1,14.8,,
981,Kansas,Stafford County,32.5,16.1,,
982,Kansas,Stanton County,31.3,5.3,,
983,Kansas,Stevens County,34.8,18.2,,
984,Kansas,Sumner County,31.1,12.4,,
985,Kansas,Thomas County,35,9.7,,
986,Kansas,Trego County,29.7,4.1,,
987,Kansas,Wabaunsee County,30.9,5.9,,
988,Kansas,Wallace County,33.1,8.2,,
989,Kansas,Washington County,30.7,11.7,,
990,Kansas,Wichita County,29.4,9.9,,
991,Kansas,Wilson County,32.9,18.6,,
992,Kansas,Woodson County,33.4,22.8,,
993,Kansas,Wyandotte County,36.2,23.9,,12.88285714
994,Kentucky,Adair County,34.3,21.6,,
995,Kentucky,Allen County,33.9,17.2,,
996,Kentucky,Anderson County,34.6,10.3,,
997,Kentucky,Ballard County,34.2,16.3,,
998,Kentucky,Barren County,31,20.4,,
999,Kentucky,Bath County,30.4,26.4,,
1000,Kentucky,Bell County,37.9,38,,
1001,Kentucky,Boone County,32.5,8.2,,
1002,Kentucky,Bourbon County,34.1,16.6,,
1003,Kentucky,Boyd County,38.5,20.4,,
1004,Kentucky,Boyle County,32.2,16.1,,
1005,Kentucky,Bracken County,32.4,18.5,,
1006,Kentucky,Breathitt County,41.6,32.9,,
1007,Kentucky,Breckinridge County,36.6,17.4,,
1008,Kentucky,Bullitt County,32.8,10.4,,
1009,Kentucky,Butler County,33.2,29.3,,
1010,Kentucky,Caldwell County,35,20.1,,
1011,Kentucky,Calloway County,30.1,23.1,,
1012,Kentucky,Campbell County,31.6,14.6,,
1013,Kentucky,Carlisle County,33.4,19.8,,
1014,Kentucky,Carroll County,35.3,27.9,,
1015,Kentucky,Carter County,38.9,17.6,,
1016,Kentucky,Casey County,36.4,25.5,,
1017,Kentucky,Christian County,36.5,19.9,,
1018,Kentucky,Clark County,30.6,15.4,,
1019,Kentucky,Clay County,38,39.7,,
1020,Kentucky,Clinton County,34.9,24.3,,
1021,Kentucky,Crittenden County,33.8,21.9,,
1022,Kentucky,Cumberland County,31.8,25.1,,
1023,Kentucky,Daviess County,30.4,15.6,,
1024,Kentucky,Edmonson County,31.2,19.2,,
1025,Kentucky,Elliott County,33.7,31.3,,
1026,Kentucky,Estill County,35.1,29.3,,
1027,Kentucky,Fayette County,27.3,18.9,,
1028,Kentucky,Fleming County,34.5,20.1,,
1029,Kentucky,Floyd County,37.6,30,,
1030,Kentucky,Franklin County,33.2,14.6,,
1031,Kentucky,Fulton County,32,27.4,,
1032,Kentucky,Gallatin County,35.8,15.3,,
1033,Kentucky,Garrard County,30.5,21.7,,
1034,Kentucky,Grant County,36.3,18.4,,
1035,Kentucky,Graves County,30.1,17.3,,
1036,Kentucky,Grayson County,36.5,24,,
1037,Kentucky,Green County,38.1,20.1,,
1038,Kentucky,Greenup County,39.8,17.7,,
1039,Kentucky,Hancock County,34.5,15.8,,
1040,Kentucky,Hardin County,32.9,14.3,,
1041,Kentucky,Harlan County,36.5,31.2,,
1042,Kentucky,Harrison County,30.1,22.2,,
1043,Kentucky,Hart County,37.1,24.9,,
1044,Kentucky,Henderson County,32.6,19,,
1045,Kentucky,Henry County,31.6,18.3,,
1046,Kentucky,Hickman County,35.2,15,,
1047,Kentucky,Hopkins County,35,17.2,,
1048,Kentucky,Jackson County,37.5,31.4,,
1049,Kentucky,Jefferson County,31.6,16.4,,
1050,Kentucky,Jessamine County,31.5,19.1,,
1051,Kentucky,Johnson County,37.2,26.3,,
1052,Kentucky,Kenton County,28.5,14.6,,
1053,Kentucky,Knott County,40.2,28.1,,
1054,Kentucky,Knox County,39.3,32.6,,
1055,Kentucky,Larue County,33.6,17.8,,
1056,Kentucky,Laurel County,37.8,23.1,,
1057,Kentucky,Lawrence County,42.2,22.7,,
1058,Kentucky,Lee County,33.9,32,,
1059,Kentucky,Leslie County,43.2,28.5,,
1060,Kentucky,Letcher County,38.6,28.4,,
1061,Kentucky,Lewis County,38.3,30.8,,
1062,Kentucky,Lincoln County,30.8,25,,
1063,Kentucky,Livingston County,29.7,14.7,,
1064,Kentucky,Logan County,35.2,19.3,,
1065,Kentucky,Lyon County,33.3,14.3,,
1066,Kentucky,McCracken County,33.7,16.8,,
1067,Kentucky,McCreary County,34.3,41,,
1068,Kentucky,McLean County,36.8,21.1,,
1069,Kentucky,Madison County,32.2,21,,
1070,Kentucky,Magoffin County,33.7,28.6,,
1071,Kentucky,Marion County,30.6,20.3,,
1072,Kentucky,Marshall County,34.1,10.8,,
1073,Kentucky,Martin County,39.3,35.2,,
1074,Kentucky,Mason County,30.1,18.2,,
1075,Kentucky,Meade County,35.9,16.7,,
1076,Kentucky,Menifee County,33.3,29.9,,
1077,Kentucky,Mercer County,35.8,18.3,,
1078,Kentucky,Metcalfe County,33.8,21.9,,
1079,Kentucky,Monroe County,29.9,27.7,,
1080,Kentucky,Montgomery County,32.2,26,,
1081,Kentucky,Morgan County,35.5,27.7,,
1082,Kentucky,Muhlenberg County,37.8,19.9,,
1083,Kentucky,Nelson County,32.4,16,,
1084,Kentucky,Nicholas County,32.5,23.5,,
1085,Kentucky,Ohio County,37.2,22,,
1086,Kentucky,Oldham County,28,6,,
1087,Kentucky,Owen County,30,16.8,,
1088,Kentucky,Owsley County,33.6,37.9,,
1089,Kentucky,Pendleton County,32.4,15.3,,
1090,Kentucky,Perry County,37,25.4,,
1091,Kentucky,Pike County,38.9,22.9,,
1092,Kentucky,Powell County,36.3,28.1,,
1093,Kentucky,Pulaski County,33.6,26.3,,
1094,Kentucky,Robertson County,34.6,22,,
1095,Kentucky,Rockcastle County,36,24.7,,
1096,Kentucky,Rowan County,34.4,26,,
1097,Kentucky,Russell County,34.6,25.8,,
1098,Kentucky,Scott County,29.4,11,,
1099,Kentucky,Shelby County,33,13,,
1100,Kentucky,Simpson County,35.4,20.1,,
1101,Kentucky,Spencer County,30.3,8.4,,
1102,Kentucky,Taylor County,35.4,23.7,,
1103,Kentucky,Todd County,33.7,18.5,,
1104,Kentucky,Trigg County,33.4,17.8,,
1105,Kentucky,Trimble County,34,17.4,,
1106,Kentucky,Union County,30.7,27.7,,
1107,Kentucky,Warren County,31.6,18.8,,
1108,Kentucky,Washington County,32.9,17.6,,
1109,Kentucky,Wayne County,37.1,27,,
1110,Kentucky,Webster County,35.6,17.6,,
1111,Kentucky,Whitley County,36.3,26,,
1112,Kentucky,Wolfe County,32.3,43,,
1113,Kentucky,Woodford County,29.5,13.1,,21.8275
1114,Louisiana,Acadia Parish,33.1,20.6,,
1115,Louisiana,Allen Parish,34.4,16.5,,
1116,Louisiana,Ascension Parish,31.3,11.8,,
1117,Louisiana,Assumption Parish,34.8,16,,
1118,Louisiana,Avoyelles Parish,37,23.2,,
1119,Louisiana,Beauregard Parish,35.8,20.2,,
1120,Louisiana,Bienville Parish,38.2,27.5,,
1121,Louisiana,Bossier Parish,34.7,14.3,,
1122,Louisiana,Caddo Parish,34.3,21.5,,
1123,Louisiana,Calcasieu Parish,32.3,17.1,,
1124,Louisiana,Caldwell Parish,36.3,21.6,,
1125,Louisiana,Cameron Parish,31.5,9.7,,
1126,Louisiana,Catahoula Parish,35.3,20.4,,
1127,Louisiana,Claiborne Parish,37,27.7,,
1128,Louisiana,Concordia Parish,38.3,30.5,,
1129,Louisiana,De Soto Parish,38.9,26.4,,
1130,Louisiana,East Baton Rouge Parish,32.9,19.6,,
1131,Louisiana,East Carroll Parish,42.1,48,,
1132,Louisiana,East Feliciana Parish,42.1,19.4,,
1133,Louisiana,Evangeline Parish,41.9,26.6,,
1134,Louisiana,Franklin Parish,38,30.7,,
1135,Louisiana,Grant Parish,33.8,18.3,,
1136,Louisiana,Iberia Parish,36.1,19.6,,
1137,Louisiana,Iberville Parish,39.7,19.1,,
1138,Louisiana,Jackson Parish,34.8,26.5,,
1139,Louisiana,Jefferson Parish,35.4,16.8,,
1140,Louisiana,Jefferson Davis Parish,36.3,21.1,,
1141,Louisiana,Lafayette Parish,31.1,16,,
1142,Louisiana,Lafourche Parish,36.9,14.8,,
1143,Louisiana,La Salle Parish,33.2,21,,
1144,Louisiana,Lincoln Parish,37.3,32.1,,
1145,Louisiana,Livingston Parish,34.4,14.4,,
1146,Louisiana,Madison Parish,41.8,38.4,,
1147,Louisiana,Morehouse Parish,39.4,28.5,,
1148,Louisiana,Natchitoches Parish,34.7,29.2,,
1149,Louisiana,Orleans Parish,31.9,27,,
1150,Louisiana,Ouachita Parish,35.7,24.7,,
1151,Louisiana,Plaquemines Parish,33.5,16.2,,
1152,Louisiana,Pointe Coupee Parish,35.3,19.6,,
1153,Louisiana,Rapides Parish,35.7,20.8,,
1154,Louisiana,Red River Parish,40.3,22.3,,
1155,Louisiana,Richland Parish,37.1,20.9,,
1156,Louisiana,Sabine Parish,39.1,19.5,,
1157,Louisiana,St. Bernard Parish,35.5,19.3,,
1158,Louisiana,St. Charles Parish,35.9,11.8,,
1159,Louisiana,St. Helena Parish,40.6,26.9,,
1160,Louisiana,St. James Parish,37,18,,
1161,Louisiana,St. John the Baptist Pa,35.8,18.2,,
1162,Louisiana,St. Landry Parish,39.6,27.9,,
1163,Louisiana,St. Martin Parish,34.2,17.9,,
1164,Louisiana,St. Mary Parish,38,22.4,,
1165,Louisiana,St. Tammany Parish,27.8,11.4,,
1166,Louisiana,Tangipahoa Parish,39.1,22.2,,
1167,Louisiana,Tensas Parish,34.8,35.4,,
1168,Louisiana,Terrebonne Parish,39.5,19.5,,
1169,Louisiana,Union Parish,34.4,28.1,,
1170,Louisiana,Vermilion Parish,31.2,17.8,,
1171,Louisiana,Vernon Parish,36.6,14.7,,
1172,Louisiana,Washington Parish,37.4,26.4,,
1173,Louisiana,Webster Parish,35.8,23.6,,
1174,Louisiana,West Baton Rouge Parish,40.2,19.4,,
1175,Louisiana,West Carroll Parish,36,25.8,,
1176,Louisiana,West Feliciana Parish,34.5,16,,
1177,Louisiana,Winn Parish,37.7,26.4,,21.95625
1178,Maine,Androscoggin County,33.2,15.7,,
1179,Maine,Aroostook County,34.1,18.5,,
1180,Maine,Cumberland County,22.7,11.6,,
1181,Maine,Franklin County,30.2,14.8,,
1182,Maine,Hancock County,24.3,13.5,,
1183,Maine,Kennebec County,30.9,13.8,,
1184,Maine,Knox County,23.1,11.2,,
1185,Maine,Lincoln County,24.6,12.1,,
1186,Maine,Oxford County,31.4,17.5,,
1187,Maine,Penobscot County,30.3,17,,
1188,Maine,Piscataquis County,33.3,20.9,,
1189,Maine,Sagadahoc County,25.1,12.1,,
1190,Maine,Somerset County,35,17.6,,
1191,Maine,Waldo County,28.3,16.4,,
1192,Maine,Washington County,28.5,19.1,,
1193,Maine,York County,27.6,9.8,,15.45333333
1194,Maryland,Allegany County,32.3,18,,
1195,Maryland,Anne Arundel County,29.1,5.9,,
1196,Maryland,Baltimore County,28.8,9.4,,
1197,Maryland,Calvert County,29.7,5.8,,
1198,Maryland,Caroline County,35,15.8,,
1199,Maryland,Carroll County,27.9,5.6,,
1200,Maryland,Cecil County,33.7,10.1,,
1201,Maryland,Charles County,36,7.9,,
1202,Maryland,Dorchester County,35.7,16.5,,
1203,Maryland,Frederick County,29.1,6.8,,
1204,Maryland,Garrett County,30.6,12.4,,
1205,Maryland,Harford County,27.9,8,,
1206,Maryland,Howard County,21.7,5.2,,
1207,Maryland,Kent County,28.1,11.2,,
1208,Maryland,Montgomery County,20.1,6.7,,
1209,Maryland,Prince George's County,33.4,9.6,,
1210,Maryland,Queen Anne's County,28.9,7.5,,
1211,Maryland,St. Mary's County,32,7.9,,
1212,Maryland,Somerset County,42.2,24.7,,
1213,Maryland,Talbot County,29.3,11.2,,
1214,Maryland,Washington County,33.8,12.9,,
1215,Maryland,Wicomico County,35.9,15.9,,
1216,Maryland,Worcester County,29.4,11,,
1217,Maryland,Baltimore city,33.7,23.7,,11.2375
1218,Massachusetts,Barnstable County,19.9,8.7,,
1219,Massachusetts,Berkshire County,23.7,13,,
1220,Massachusetts,Bristol County,28.3,12.7,,
1221,Massachusetts,Dukes County,22,11.7,,
1222,Massachusetts,Essex County,25.5,11.4,,
1223,Massachusetts,Franklin County,21,11.7,,
1224,Massachusetts,Hampden County,27.5,17.5,,
1225,Massachusetts,Hampshire County,18.9,14.7,,
1226,Massachusetts,Middlesex County,22.6,8.3,,
1227,Massachusetts,Nantucket County,20,11.6,,
1228,Massachusetts,Norfolk County,20.5,6.6,,
1229,Massachusetts,Plymouth County,27.8,8.2,,
1230,Massachusetts,Suffolk County,21.3,20.7,,
1231,Massachusetts,Worcester County,27,11.8,,12.04285714
1232,Michigan,Alcona County,31.1,15.2,,
1233,Michigan,Alger County,29.8,14.3,,
1234,Michigan,Allegan County,30.2,12.7,,
1235,Michigan,Alpena County,32.1,17.2,,
1236,Michigan,Antrim County,32.2,14.5,,
1237,Michigan,Arenac County,34,19.9,,
1238,Michigan,Baraga County,32.5,15.6,,
1239,Michigan,Barry County,31.2,11,,
1240,Michigan,Bay County,35.4,15,,
1241,Michigan,Benzie County,28.7,11.6,,
1242,Michigan,Berrien County,34.8,17.7,,
1243,Michigan,Branch County,31.8,17.7,,
1244,Michigan,Calhoun County,33.9,17.5,,
1245,Michigan,Cass County,35.3,14.7,,
1246,Michigan,Charlevoix County,28.6,12.3,,
1247,Michigan,Cheboygan County,33.2,18.2,,
1248,Michigan,Chippewa County,34.6,18.9,,
1249,Michigan,Clare County,33.8,26.1,,
1250,Michigan,Clinton County,31.6,11.8,,
1251,Michigan,Crawford County,30.4,15.2,,
1252,Michigan,Delta County,32.1,17.2,,
1253,Michigan,Dickinson County,30.1,13.8,,
1254,Michigan,Eaton County,35.7,10.8,,
1255,Michigan,Emmet County,29.8,10.8,,
1256,Michigan,Genesee County,33,20.9,,
1257,Michigan,Gladwin County,34.7,20.7,,
1258,Michigan,Gogebic County,31.3,20.2,,
1259,Michigan,Grand Traverse County,26.8,11,,
1260,Michigan,Gratiot County,33.6,18.9,,
1261,Michigan,Hillsdale County,32,20.1,,
1262,Michigan,Houghton County,30.7,21.4,,
1263,Michigan,Huron County,31.5,14.1,,
1264,Michigan,Ingham County,30.4,22.4,,
1265,Michigan,Ionia County,38,15.1,,
1266,Michigan,Iosco County,33.2,17.7,,
1267,Michigan,Iron County,29.1,15.6,,
1268,Michigan,Isabella County,30.9,30.2,,
1269,Michigan,Jackson County,33.7,17,,
1270,Michigan,Kalamazoo County,30.6,18.3,,
1271,Michigan,Kalkaska County,31.6,17,,
1272,Michigan,Kent County,28.7,15.3,,
1273,Michigan,Keweenaw County,30.9,15.3,,
1274,Michigan,Lake County,32,28.7,,
1275,Michigan,Lapeer County,30.3,10.6,,
1276,Michigan,Leelanau County,26.6,10.4,,
1277,Michigan,Lenawee County,30.8,14.3,,
1278,Michigan,Livingston County,29.6,5.9,,
1279,Michigan,Luce County,32.6,19.5,,
1280,Michigan,Mackinac County,31.1,15.9,,
1281,Michigan,Macomb County,33.3,12.6,,
1282,Michigan,Manistee County,34.6,16.9,,
1283,Michigan,Marquette County,29.2,17,,
1284,Michigan,Mason County,29.9,17.2,,
1285,Michigan,Mecosta County,35,23.1,,
1286,Michigan,Menominee County,34.4,16.2,,
1287,Michigan,Midland County,30.5,13.3,,
1288,Michigan,Missaukee County,32.2,16.8,,
1289,Michigan,Monroe County,33.8,11.3,,
1290,Michigan,Montcalm County,34,18.2,,
1291,Michigan,Montmorency County,28.9,16.9,,
1292,Michigan,Muskegon County,35.8,19.2,,
1293,Michigan,Newaygo County,34,18.2,,
1294,Michigan,Oakland County,26.3,10.1,,
1295,Michigan,Oceana County,34.8,20.4,,
1296,Michigan,Ogemaw County,35.6,21.8,,
1297,Michigan,Ontonagon County,33,15.5,,
1298,Michigan,Osceola County,34.2,22,,
1299,Michigan,Oscoda County,33.5,19.8,,
1300,Michigan,Otsego County,33.3,13.8,,
1301,Michigan,Ottawa County,27.6,10.4,,
1302,Michigan,Presque Isle County,32.3,13.7,,
1303,Michigan,Roscommon County,34.2,20.6,,
1304,Michigan,Saginaw County,38.9,18.3,,
1305,Michigan,St. Clair County,33,14.6,,
1306,Michigan,St. Joseph County,34.7,17.2,,
1307,Michigan,Sanilac County,31.3,15.7,,
1308,Michigan,Schoolcraft County,31.3,21.4,,
1309,Michigan,Shiawassee County,32.4,14.4,,
1310,Michigan,Tuscola County,32.6,15.7,,
1311,Michigan,Van Buren County,33.5,18.8,,
1312,Michigan,Washtenaw County,24.4,15.4,,
1313,Michigan,Wayne County,33.5,25,,
1314,Michigan,Wexford County,30.2,17.4,,16.68795181
1315,Minnesota,Aitkin County,29.9,12.4,,
1316,Minnesota,Anoka County,30,7.7,,
1317,Minnesota,Becker County,32.6,12.8,,
1318,Minnesota,Beltrami County,30.9,18.8,,
1319,Minnesota,Benton County,29.3,14.9,,
1320,Minnesota,Big Stone County,28.7,14.4,,
1321,Minnesota,Blue Earth County,33.7,19.1,,
1322,Minnesota,Brown County,30.1,7.8,,
1323,Minnesota,Carlton County,30.1,13.7,,
1324,Minnesota,Carver County,23,4.4,,
1325,Minnesota,Cass County,26.5,16.6,,
1326,Minnesota,Chippewa County,29.9,12.2,,
1327,Minnesota,Chisago County,29.8,5.5,,
1328,Minnesota,Clay County,28.4,12.7,,
1329,Minnesota,Clearwater County,31,16.9,,
1330,Minnesota,Cook County,28.9,11.4,,
1331,Minnesota,Cottonwood County,31.7,16.8,,
1332,Minnesota,Crow Wing County,29,11.3,,
1333,Minnesota,Dakota County,26.6,7.7,,
1334,Minnesota,Dodge County,24.9,6.7,,
1335,Minnesota,Douglas County,30,9.6,,
1336,Minnesota,Faribault County,27,13.5,,
1337,Minnesota,Fillmore County,25.1,11.1,,
1338,Minnesota,Freeborn County,29.9,12.1,,
1339,Minnesota,Goodhue County,32.2,11.2,,
1340,Minnesota,Grant County,32,9.1,,
1341,Minnesota,Hennepin County,22.8,12.5,,
1342,Minnesota,Houston County,25.7,11,,
1343,Minnesota,Hubbard County,24.9,11.6,,
1344,Minnesota,Isanti County,28,7.4,,
1345,Minnesota,Itasca County,32.2,13.6,,
1346,Minnesota,Jackson County,31.5,10.8,,
1347,Minnesota,Kanabec County,29.9,14.2,,
1348,Minnesota,Kandiyohi County,29.1,11.7,,
1349,Minnesota,Kittson County,27.8,10.9,,
1350,Minnesota,Koochiching County,28,15.2,,
1351,Minnesota,Lac qui Parle County,28.8,8.2,,
1352,Minnesota,Lake County,30.3,13,,
1353,Minnesota,Lake of the Woods Count,30.4,9.3,,
1354,Minnesota,Le Sueur County,32.4,9.1,,
1355,Minnesota,Lincoln County,28.3,9.3,,
1356,Minnesota,Lyon County,28.7,14.1,,
1357,Minnesota,McLeod County,31.1,8.1,,
1358,Minnesota,Mahnomen County,32.6,24.9,,
1359,Minnesota,Marshall County,29.7,7.9,,
1360,Minnesota,Martin County,32.2,11.4,,
1361,Minnesota,Meeker County,30.4,10.1,,
1362,Minnesota,Mille Lacs County,35.9,12.2,,
1363,Minnesota,Morrison County,34.3,11.3,,
1364,Minnesota,Mower County,30.8,14,,
1365,Minnesota,Murray County,29.8,9.2,,
1366,Minnesota,Nicollet County,29.9,12.4,,
1367,Minnesota,Nobles County,28.8,15.6,,
1368,Minnesota,Norman County,28.2,12.9,,
1369,Minnesota,Olmsted County,25.6,9,,
1370,Minnesota,Otter Tail County,29.4,10,,
1371,Minnesota,Pennington County,27.5,9.3,,
1372,Minnesota,Pine County,36.2,14.6,,
1373,Minnesota,Pipestone County,28.4,12.9,,
1374,Minnesota,Polk County,33.5,13.1,,
1375,Minnesota,Pope County,32.1,9.4,,
1376,Minnesota,Ramsey County,25.8,16.5,,
1377,Minnesota,Red Lake County,32.8,10.7,,
1378,Minnesota,Redwood County,32.6,11.8,,
1379,Minnesota,Renville County,29.5,11.1,,
1380,Minnesota,Rice County,31.5,11.4,,
1381,Minnesota,Rock County,28.4,11.4,,
1382,Minnesota,Roseau County,29.3,10.7,,
1383,Minnesota,St. Louis County,27.1,16,,
1384,Minnesota,Scott County,24.6,5.7,,
1385,Minnesota,Sherburne County,28.8,7.9,,
1386,Minnesota,Sibley County,33.3,10.7,,
1387,Minnesota,Stearns County,27.6,13.5,,
1388,Minnesota,Steele County,30.5,10.4,,
1389,Minnesota,Stevens County,33.5,18.4,,
1390,Minnesota,Swift County,28.6,12.5,,
1391,Minnesota,Todd County,30.4,14.7,,
1392,Minnesota,Traverse County,32.1,10.2,,
1393,Minnesota,Wabasha County,32.2,7.3,,
1394,Minnesota,Wadena County,29.2,16.4,,
1395,Minnesota,Waseca County,33.7,8.7,,
1396,Minnesota,Washington County,26.1,5.4,,
1397,Minnesota,Watonwan County,26.9,10.8,,
1398,Minnesota,Wilkin County,28.5,9.9,,
1399,Minnesota,Winona County,28.9,14.7,,
1400,Minnesota,Wright County,28,6.2,,
1401,Minnesota,Yellow Medicine County,29,11.9,,11.67241379
1402,Mississippi,Adams County,37.7,30.1,,
1403,Mississippi,Alcorn County,37.9,21.2,,
1404,Mississippi,Amite County,42.3,22.4,,
1405,Mississippi,Attala County,39.2,26,,
1406,Mississippi,Benton County,37,21,,
1407,Mississippi,Bolivar County,37.5,37.1,,
1408,Mississippi,Calhoun County,35.8,25.9,,
1409,Mississippi,Carroll County,34.2,20.6,,
1410,Mississippi,Chickasaw County,33.4,26.3,,
1411,Mississippi,Choctaw County,31.7,26.2,,
1412,Mississippi,Claiborne County,47.6,42,,
1413,Mississippi,Clarke County,34.8,21.3,,
1414,Mississippi,Clay County,35.3,26.6,,
1415,Mississippi,Coahoma County,42.9,34.1,,
1416,Mississippi,Copiah County,37.4,27.2,,
1417,Mississippi,Covington County,36.3,27,,
1418,Mississippi,DeSoto County,35.9,9.8,,
1419,Mississippi,Forrest County,34.4,27.8,,
1420,Mississippi,Franklin County,35.6,18.9,,
1421,Mississippi,George County,34.2,18.4,,
1422,Mississippi,Greene County,38.5,14.5,,
1423,Mississippi,Grenada County,38.9,22.3,,
1424,Mississippi,Hancock County,31.9,21.6,,
1425,Mississippi,Harrison County,32.3,20.8,,
1426,Mississippi,Hinds County,34.9,25.9,,
1427,Mississippi,Holmes County,46.1,43.4,,
1428,Mississippi,Humphreys County,41.6,39.7,,
1429,Mississippi,Issaquena County,34.4,40.3,,
1430,Mississippi,Itawamba County,34.5,18.8,,
1431,Mississippi,Jackson County,32,15.4,,
1432,Mississippi,Jasper County,37.9,23.9,,
1433,Mississippi,Jefferson County,44.5,48.7,,
1434,Mississippi,Jefferson Davis County,39.4,34.3,,
1435,Mississippi,Jones County,38.4,22.7,,
1436,Mississippi,Kemper County,36.9,30.5,,
1437,Mississippi,Lafayette County,34.3,25.8,,
1438,Mississippi,Lamar County,32.8,16.7,,
1439,Mississippi,Lauderdale County,32.3,22.8,,
1440,Mississippi,Lawrence County,36.8,22,,
1441,Mississippi,Leake County,40.9,27.2,,
1442,Mississippi,Lee County,33,18.3,,
1443,Mississippi,Leflore County,44,41.9,,
1444,Mississippi,Lincoln County,39.1,26.6,,
1445,Mississippi,Lowndes County,34.3,23.5,,
1446,Mississippi,Madison County,28.6,13.5,,
1447,Mississippi,Marion County,34.2,28.4,,
1448,Mississippi,Marshall County,39.1,19,,
1449,Mississippi,Monroe County,38,19.9,,
1450,Mississippi,Montgomery County,38.3,29.6,,
1451,Mississippi,Neshoba County,37.5,24,,
1452,Mississippi,Newton County,34.8,22.6,,
1453,Mississippi,Noxubee County,40.6,36.4,,
1454,Mississippi,Oktibbeha County,34.2,33.7,,
1455,Mississippi,Panola County,36,22.8,,
1456,Mississippi,Pearl River County,33.7,21.5,,
1457,Mississippi,Perry County,37.2,18.9,,
1458,Mississippi,Pike County,37.2,29.1,,
1459,Mississippi,Pontotoc County,31.1,16.2,,
1460,Mississippi,Prentiss County,33.1,21.1,,
1461,Mississippi,Quitman County,41.5,39.5,,
1462,Mississippi,Rankin County,31.5,10,,
1463,Mississippi,Scott County,33.7,27.7,,
1464,Mississippi,Sharkey County,37.5,29.3,,
1465,Mississippi,Simpson County,37.7,26.1,,
1466,Mississippi,Smith County,36.8,23.6,,
1467,Mississippi,Stone County,35.8,17.9,,
1468,Mississippi,Sunflower County,42.2,35.5,,
1469,Mississippi,Tallahatchie County,39.6,24.9,,
1470,Mississippi,Tate County,37.4,17.5,,
1471,Mississippi,Tippah County,33.9,24.5,,
1472,Mississippi,Tishomingo County,36.6,16.4,,
1473,Mississippi,Tunica County,40.7,27.3,,
1474,Mississippi,Union County,33.2,22.5,,
1475,Mississippi,Walthall County,38.3,28.7,,
1476,Mississippi,Warren County,32.7,22.6,,
1477,Mississippi,Washington County,38.9,36,,
1478,Mississippi,Wayne County,38.2,27.2,,
1479,Mississippi,Webster County,33.9,22.7,,
1480,Mississippi,Wilkinson County,39.9,32.3,,
1481,Mississippi,Winston County,36.4,29.5,,
1482,Mississippi,Yalobusha County,38.6,20.3,,
1483,Mississippi,Yazoo County,38.8,33.1,,25.72317073
1484,Missouri,Adair County,29,26.9,,
1485,Missouri,Andrew County,29.3,9,,
1486,Missouri,Atchison County,29.8,13,,
1487,Missouri,Audrain County,34.7,18.5,,
1488,Missouri,Barry County,32.4,20.1,,
1489,Missouri,Barton County,35.3,24.2,,
1490,Missouri,Bates County,32.1,18.5,,
1491,Missouri,Benton County,31.2,19.1,,
1492,Missouri,Bollinger County,33.1,21.7,,
1493,Missouri,Boone County,28.4,19.7,,
1494,Missouri,Buchanan County,32.6,18.1,,
1495,Missouri,Butler County,35.1,21.3,,
1496,Missouri,Caldwell County,37.2,13.4,,
1497,Missouri,Callaway County,34.3,14.4,,
1498,Missouri,Camden County,28.5,17.3,,
1499,Missouri,Cape Girardeau County,31.9,18.3,,
1500,Missouri,Carroll County,35.4,14.3,,
1501,Missouri,Carter County,31.1,21.3,,
1502,Missouri,Cass County,30.3,9.9,,
1503,Missouri,Cedar County,31,24.9,,
1504,Missouri,Chariton County,30.4,16.4,,
1505,Missouri,Christian County,29.1,11.1,,
1506,Missouri,Clark County,34.3,13.7,,
1507,Missouri,Clay County,29.3,8.8,,
1508,Missouri,Clinton County,34.5,9.3,,
1509,Missouri,Cole County,30.7,12.9,,
1510,Missouri,Cooper County,35.4,14.7,,
1511,Missouri,Crawford County,32.4,21,,
1512,Missouri,Dade County,34.3,19.9,,
1513,Missouri,Dallas County,33.7,21.9,,
1514,Missouri,Daviess County,32.6,16.7,,
1515,Missouri,DeKalb County,36.1,15,,
1516,Missouri,Dent County,34.6,23.8,,
1517,Missouri,Douglas County,32.5,22.2,,
1518,Missouri,Dunklin County,32,27.7,,
1519,Missouri,Franklin County,30.4,11.9,,
1520,Missouri,Gasconade County,35,15.9,,
1521,Missouri,Gentry County,28.7,17,,
1522,Missouri,Greene County,32,19,,
1523,Missouri,Grundy County,32.6,20.3,,
1524,Missouri,Harrison County,34.1,17.5,,
1525,Missouri,Henry County,29.5,19.3,,
1526,Missouri,Hickory County,29.2,26,,
1527,Missouri,Holt County,32.5,12.4,,
1528,Missouri,Howard County,33.9,16.7,,
1529,Missouri,Howell County,31.5,23.2,,
1530,Missouri,Iron County,35.1,23.4,,
1531,Missouri,Jackson County,31,17.9,,
1532,Missouri,Jasper County,34.5,17.1,,
1533,Missouri,Jefferson County,30.4,10.9,,
1534,Missouri,Johnson County,30.9,17,,
1535,Missouri,Knox County,31.7,20.9,,
1536,Missouri,Laclede County,31.1,19.5,,
1537,Missouri,Lafayette County,29.1,11.5,,
1538,Missouri,Lawrence County,30,18.8,,
1539,Missouri,Lewis County,35.5,12.8,,
1540,Missouri,Lincoln County,31.5,15,,
1541,Missouri,Linn County,30.6,17.9,,
1542,Missouri,Livingston County,28.8,16.6,,
1543,Missouri,McDonald County,28.1,21.7,,
1544,Missouri,Macon County,32.8,19.1,,
1545,Missouri,Madison County,34.3,18.4,,
1546,Missouri,Maries County,33.7,19.2,,
1547,Missouri,Marion County,37.3,18.3,,
1548,Missouri,Mercer County,33.4,16,,
1549,Missouri,Miller County,30.8,20.1,,
1550,Missouri,Mississippi County,31.9,29.2,,
1551,Missouri,Moniteau County,28.3,13,,
1552,Missouri,Monroe County,30.8,14.7,,
1553,Missouri,Montgomery County,33.9,17.6,,
1554,Missouri,Morgan County,28.3,24,,
1555,Missouri,New Madrid County,33.1,22.8,,
1556,Missouri,Newton County,32,14.5,,
1557,Missouri,Nodaway County,29.7,28.6,,
1558,Missouri,Oregon County,32.4,26.3,,
1559,Missouri,Osage County,33.3,8.4,,
1560,Missouri,Ozark County,33.4,24.3,,
1561,Missouri,Pemiscot County,34.4,28.9,,
1562,Missouri,Perry County,33,9.6,,
1563,Missouri,Pettis County,36.5,18.1,,
1564,Missouri,Phelps County,27,19.4,,
1565,Missouri,Pike County,28.8,15.3,,
1566,Missouri,Platte County,30.8,7.7,,
1567,Missouri,Polk County,29.4,18.5,,
1568,Missouri,Pulaski County,28.4,13.2,,
1569,Missouri,Putnam County,31.9,19.2,,
1570,Missouri,Ralls County,32.6,12.4,,
1571,Missouri,Randolph County,33,19.1,,
1572,Missouri,Ray County,34.8,15.9,,
1573,Missouri,Reynolds County,32.6,21.2,,
1574,Missouri,Ripley County,34.3,22.8,,
1575,Missouri,St. Charles County,25,6.3,,
1576,Missouri,St. Clair County,28.6,23.3,,
1577,Missouri,Ste. Genevieve County,30.1,14.3,,
1578,Missouri,St. Francois County,32.8,19.3,,
1579,Missouri,St. Louis County,29,10.9,,
1580,Missouri,Saline County,37.6,17.3,,
1581,Missouri,Schuyler County,30.3,21.2,,
1582,Missouri,Scotland County,31.2,15.6,,
1583,Missouri,Scott County,36.5,19.6,,
1584,Missouri,Shannon County,29.7,23.7,,
1585,Missouri,Shelby County,33.1,18.4,,
1586,Missouri,Stoddard County,32.8,15.7,,
1587,Missouri,Stone County,33.2,16.6,,
1588,Missouri,Sullivan County,35.7,16.6,,
1589,Missouri,Taney County,30.9,19,,
1590,Missouri,Texas County,32.6,21.7,,
1591,Missouri,Vernon County,30.3,18.8,,
1592,Missouri,Warren County,28.4,13.8,,
1593,Missouri,Washington County,33.6,21.2,,
1594,Missouri,Wayne County,36.1,22.5,,
1595,Missouri,Webster County,33.8,18.9,,
1596,Missouri,Worth County,30.2,14.5,,
1597,Missouri,Wright County,31.4,25.4,,
1598,Missouri,St. Louis city,33.8,27.1,,18.05826087
1599,Montana,Beaverhead County,24.2,16.3,,
1600,Montana,Big Horn County,38.8,29.2,,
1601,Montana,Blaine County,35.6,27.7,,
1602,Montana,Broadwater County,30.4,9.9,,
1603,Montana,Carbon County,24,11.2,,
1604,Montana,Carter County,25,11.8,,
1605,Montana,Cascade County,28.2,15.3,,
1606,Montana,Chouteau County,26.2,23.2,,
1607,Montana,Custer County,30.6,11.3,,
1608,Montana,Daniels County,25.5,5.8,,
1609,Montana,Dawson County,30.9,13.6,,
1610,Montana,Deer Lodge County,25.9,17.3,,
1611,Montana,Fallon County,27.7,6.6,,
1612,Montana,Fergus County,26,11.5,,
1613,Montana,Flathead County,23.1,13.3,,
1614,Montana,Gallatin County,15.5,13.2,,
1615,Montana,Garfield County,25.9,9.2,,
1616,Montana,Glacier County,34.2,33.2,,
1617,Montana,Golden Valley County,24.4,26.6,,
1618,Montana,Granite County,29,14.9,,
1619,Montana,Hill County,33.4,21.2,,
1620,Montana,Jefferson County,27.5,9.5,,
1621,Montana,Judith Basin County,28.8,14.1,,
1622,Montana,Lake County,27.7,22.6,,
1623,Montana,Lewis and Clark County,24.3,12.2,,
1624,Montana,Liberty County,26.5,17.8,,
1625,Montana,Lincoln County,28.8,18.6,,
1626,Montana,McCone County,23.8,9,,
1627,Montana,Madison County,21.7,10.7,,
1628,Montana,Meagher County,23.9,14.1,,
1629,Montana,Mineral County,27.7,17.2,,
1630,Montana,Missoula County,22.2,16,,
1631,Montana,Musselshell County,27.5,16.4,,
1632,Montana,Park County,22.6,12.3,,
1633,Montana,Petroleum County,24.6,6.8,,
1634,Montana,Phillips County,29,15.9,,
1635,Montana,Pondera County,29.4,20.9,,
1636,Montana,Powder River County,27.3,9.3,,
1637,Montana,Powell County,28,13.8,,
1638,Montana,Prairie County,26.2,17.8,,
1639,Montana,Ravalli County,23.3,18,,
1640,Montana,Richland County,30.7,11.4,,
1641,Montana,Roosevelt County,36.9,27.8,,
1642,Montana,Rosebud County,35.6,20.6,,
1643,Montana,Sanders County,26.8,22.4,,
1644,Montana,Sheridan County,29.8,10.5,,
1645,Montana,Silver Bow County,25.5,20.1,,
1646,Montana,Stillwater County,21.8,7.8,,
1647,Montana,Sweet Grass County,24.3,12.7,,
1648,Montana,Teton County,26.7,12.1,,
1649,Montana,Toole County,26.5,19.2,,
1650,Montana,Treasure County,25.6,21.9,,
1651,Montana,Valley County,29.2,12,,
1652,Montana,Wheatland County,25.3,19.7,,
1653,Montana,Wibaux County,26.6,15.3,,
1654,Montana,Yellowstone County,25.1,11.5,,15.71964286
1655,Nebraska,Adams County,33,11.8,,
1656,Nebraska,Antelope County,27.6,12.7,,
1657,Nebraska,Arthur County,29.7,8,,
1658,Nebraska,Banner County,33.5,11.7,,
1659,Nebraska,Blaine County,29.1,19.2,,
1660,Nebraska,Boone County,31.6,10.1,,
1661,Nebraska,Box Butte County,33.9,17,,
1662,Nebraska,Boyd County,34.2,11,,
1663,Nebraska,Brown County,30.2,16.5,,
1664,Nebraska,Buffalo County,30.1,13.1,,
1665,Nebraska,Burt County,31,9.5,,
1666,Nebraska,Butler County,32,8.5,,
1667,Nebraska,Cass County,35.4,6.2,,
1668,Nebraska,Cedar County,28.3,10.2,,
1669,Nebraska,Chase County,30.6,8.9,,
1670,Nebraska,Cherry County,26.2,11.4,,
1671,Nebraska,Cheyenne County,31.5,11.6,,
1672,Nebraska,Clay County,32.9,9.3,,
1673,Nebraska,Colfax County,31.5,13.3,,
1674,Nebraska,Cuming County,29.7,12,,
1675,Nebraska,Custer County,32,11.3,,
1676,Nebraska,Dakota County,35.8,17.2,,
1677,Nebraska,Dawes County,27.3,17.8,,
1678,Nebraska,Dawson County,33.8,15.3,,
1679,Nebraska,Deuel County,30.1,12.9,,
1680,Nebraska,Dixon County,31.5,11.9,,
1681,Nebraska,Dodge County,32.7,11.4,,
1682,Nebraska,Douglas County,27.8,14.6,,
1683,Nebraska,Dundy County,35.3,7.6,,
1684,Nebraska,Fillmore County,33.4,9.4,,
1685,Nebraska,Franklin County,36.7,13.1,,
1686,Nebraska,Frontier County,35.5,12.6,,
1687,Nebraska,Furnas County,33.9,17.2,,
1688,Nebraska,Gage County,34.1,9.7,,
1689,Nebraska,Garden County,32.6,10.2,,
1690,Nebraska,Garfield County,28.4,10.2,,
1691,Nebraska,Gosper County,34.4,5.7,,
1692,Nebraska,Grant County,28.3,13.3,,
1693,Nebraska,Greeley County,32.4,10,,
1694,Nebraska,Hall County,33.9,15.3,,
1695,Nebraska,Hamilton County,32.5,8.7,,
1696,Nebraska,Harlan County,32.1,13.2,,
1697,Nebraska,Hayes County,33.2,6.3,,
1698,Nebraska,Hitchcock County,35.9,17.4,,
1699,Nebraska,Holt County,30.2,11.8,,
1700,Nebraska,Hooker County,26.6,18.9,,
1701,Nebraska,Howard County,29.4,10.4,,
1702,Nebraska,Jefferson County,36.2,12.5,,
1703,Nebraska,Johnson County,30.3,11.8,,
1704,Nebraska,Kearney County,31.1,6.3,,
1705,Nebraska,Keith County,27.5,11.6,,
1706,Nebraska,Keya Paha County,29.6,14.9,,
1707,Nebraska,Kimball County,31.4,13.6,,
1708,Nebraska,Knox County,31.6,13.5,,
1709,Nebraska,Lancaster County,26,14.7,,
1710,Nebraska,Lincoln County,31.7,12.8,,
1711,Nebraska,Logan County,31.1,11,,
1712,Nebraska,Loup County,30.7,12.4,,
1713,Nebraska,McPherson County,30.5,14.8,,
1714,Nebraska,Madison County,32.6,15,,
1715,Nebraska,Merrick County,32.6,8.9,,
1716,Nebraska,Morrill County,30.2,11.7,,
1717,Nebraska,Nance County,29.8,13.8,,
1718,Nebraska,Nemaha County,35.5,8.6,,
1719,Nebraska,Nuckolls County,33.5,11.8,,
1720,Nebraska,Otoe County,33.9,10.9,,
1721,Nebraska,Pawnee County,29.8,16.6,,
1722,Nebraska,Perkins County,24.5,6.9,,
1723,Nebraska,Phelps County,33.4,7.9,,
1724,Nebraska,Pierce County,34.1,6,,
1725,Nebraska,Platte County,29.3,8.5,,
1726,Nebraska,Polk County,29.5,7.6,,
1727,Nebraska,Red Willow County,31.9,10.6,,
1728,Nebraska,Richardson County,36.7,19.4,,
1729,Nebraska,Rock County,30.3,12.1,,
1730,Nebraska,Saline County,33,11.2,,
1731,Nebraska,Sarpy County,30.6,6.4,,
1732,Nebraska,Saunders County,28.6,9.7,,
1733,Nebraska,Scotts Bluff County,33.9,13.7,,
1734,Nebraska,Seward County,29.4,9.4,,
1735,Nebraska,Sheridan County,30.2,16.5,,
1736,Nebraska,Sherman County,33.1,13.5,,
1737,Nebraska,Sioux County,32.3,12.5,,
1738,Nebraska,Stanton County,34.3,11.6,,
1739,Nebraska,Thayer County,30.2,12,,
1740,Nebraska,Thomas County,32.8,8.2,,
1741,Nebraska,Thurston County,41.8,30.6,,
1742,Nebraska,Valley County,32.3,12.9,,
1743,Nebraska,Washington County,31.5,9.5,,
1744,Nebraska,Wayne County,29.6,13.6,,
1745,Nebraska,Webster County,32.9,12.8,,
1746,Nebraska,Wheeler County,28.1,7.2,,
1747,Nebraska,York County,33.6,10.8,,11.97526882
1748,Nevada,Churchill County,25.5,15.9,,
1749,Nevada,Clark County,27.8,15.7,,
1750,Nevada,Douglas County,21.4,10.6,,
1751,Nevada,Elko County,30.3,11,,
1752,Nevada,Esmeralda County,25.5,17.1,,
1753,Nevada,Eureka County,27.2,9.7,,
1754,Nevada,Humboldt County,25.7,10.5,,
1755,Nevada,Lander County,30.4,11.5,,
1756,Nevada,Lincoln County,25.9,13.1,,
1757,Nevada,Lyon County,29.8,16.5,,
1758,Nevada,Mineral County,28,20.2,,
1759,Nevada,Nye County,31.5,18.2,,
1760,Nevada,Pershing County,31.1,17.5,,
1761,Nevada,Storey County,26.9,7.5,,
1762,Nevada,Washoe County,21.8,15.2,,
1763,Nevada,White Pine County,28.7,11.5,,
1764,Nevada,Carson City,24.6,16.8,,14.02941176
1765,New Hampshire,Belknap County,31.3,10.5,,
1766,New Hampshire,Carroll County,25.2,9.5,,
1767,New Hampshire,Cheshire County,27.4,11.8,,
1768,New Hampshire,Coos County,30.5,14.1,,
1769,New Hampshire,Grafton County,25.3,11.6,,
1770,New Hampshire,Hillsborough County,28.5,8.8,,
1771,New Hampshire,Merrimack County,29.5,9.1,,
1772,New Hampshire,Rockingham County,26.1,5.5,,
1773,New Hampshire,Strafford County,29.1,11.1,,
1774,New Hampshire,Sullivan County,28.8,9.7,,10.17
1775,New Jersey,Atlantic County,27.6,15.2,,
1776,New Jersey,Bergen County,21.5,7.4,,
1777,New Jersey,Burlington County,28,6.4,,
1778,New Jersey,Camden County,30.2,13.2,,
1779,New Jersey,Cape May County,27.9,10.4,,
1780,New Jersey,Cumberland County,34.5,17.9,,
1781,New Jersey,Essex County,28.7,17.3,,
1782,New Jersey,Gloucester County,30.3,8.1,,
1783,New Jersey,Hudson County,23.9,17.5,,
1784,New Jersey,Hunterdon County,22.3,4.4,,
1785,New Jersey,Mercer County,24.6,11.5,,
1786,New Jersey,Middlesex County,25,8.8,,
1787,New Jersey,Monmouth County,23.2,7.5,,
1788,New Jersey,Morris County,21,4.5,,
1789,New Jersey,Ocean County,28.1,11.3,,
1790,New Jersey,Passaic County,25.7,16.7,,
1791,New Jersey,Salem County,33.9,13.5,,
1792,New Jersey,Somerset County,22.6,5,,
1793,New Jersey,Sussex County,26.2,5.7,,
1794,New Jersey,Union County,24.7,10.9,,
1795,New Jersey,Warren County,28.8,8,,10.53333333
1796,New Mexico,Bernalillo County,21.5,19.4,,
1797,New Mexico,Catron County,20.3,17.2,,
1798,New Mexico,Chaves County,29.2,21.9,,
1799,New Mexico,Cibola County,31.2,29.3,,
1800,New Mexico,Colfax County,22,19.9,,
1801,New Mexico,Curry County,30.5,21,,
